aseg.csv,aseg_bigregions.csv,brainstem.csv,lh.aparc.a2009s.csv,lh.aparc.csv,lh.aparc.DKTatlas.csv,lh.aparc.pial.a2009s.csv,lh.aparc.pial.csv,lh.aparc.pialDKT.csv,lh.BA_exvivo.csv,lhpcsub.csv,rh.aparc.a2009s.csv,rh.aparc.csv,rh.aparc.DKTatlas.csv,rh.aparc.pial.a2009s.csv,rh.aparc.pial.csv,rh.aparc.pialDKT.csv,rh.BA_exvivo.csv,rhpcsub.csv,wmparc.csv
3rd-ventricle,brainsegvol,medulla,g&s_cingul-ant_curvind,bankssts_curvind,caudalanteriorcingulate_curvind,g&s_cingul-ant_surfarea,bankssts_surfarea,caudalanteriorcingulate_surfarea,ba1_exvivo_curvind,ca1,g&s_cingul-ant_curvind,bankssts_curvind,caudalanteriorcingulate_curvind,g&s_cingul-ant_surfarea,bankssts_surfarea,caudalanteriorcingulate_surfarea,ba1_exvivo_curvind,ca1,wm-lh-bankssts
4th-ventricle,brainsegvolnotvent,midbrain,g&s_cingul-ant_foldind,bankssts_foldind,caudalanteriorcingulate_foldind,g&s_cingul-mid-ant_surfarea,caudalanteriorcingulate_surfarea,caudalmiddlefrontal_surfarea,ba1_exvivo_foldind,ca3,g&s_cingul-ant_foldind,bankssts_foldind,caudalanteriorcingulate_foldind,g&s_cingul-mid-ant_surfarea,caudalanteriorcingulate_surfarea,caudalmiddlefrontal_surfarea,ba1_exvivo_foldind,ca3,wm-lh-caudalanteriorcingulate
brain-stem,brainsegvolnotventsurf,pons,g&s_cingul-ant_gauscurv,bankssts_gauscurv,caudalanteriorcingulate_gauscurv,g&s_cingul-mid-post_surfarea,caudalmiddlefrontal_surfarea,cuneus_surfarea,ba1_exvivo_gauscurv,ca4,g&s_cingul-ant_gauscurv,bankssts_gauscurv,caudalanteriorcingulate_gauscurv,g&s_cingul-mid-post_surfarea,caudalmiddlefrontal_surfarea,cuneus_surfarea,ba1_exvivo_gauscurv,ca4,wm-lh-caudalmiddlefrontal
cc,cerebralwhitemattervol,scp,g&s_cingul-ant_grayvol,bankssts_grayvol,caudalanteriorcingulate_grayvol,g&s_frontomargin_surfarea,cuneus_surfarea,entorhinal_surfarea,ba1_exvivo_grayvol,fimbria,g&s_cingul-ant_grayvol,bankssts_grayvol,caudalanteriorcingulate_grayvol,g&s_frontomargin_surfarea,cuneus_surfarea,entorhinal_surfarea,ba1_exvivo_grayvol,fimbria,wm-lh-cuneus
left-accumbens-area,cortexvol,whole_brainstem,g&s_cingul-ant_meancurv,bankssts_meancurv,caudalanteriorcingulate_meancurv,g&s_occipital_inf_surfarea,entorhinal_surfarea,fusiform_surfarea,ba1_exvivo_meancurv,gc-ml-dg,g&s_cingul-ant_meancurv,bankssts_meancurv,caudalanteriorcingulate_meancurv,g&s_occipital_inf_surfarea,entorhinal_surfarea,fusiform_surfarea,ba1_exvivo_meancurv,gc-ml-dg,wm-lh-entorhinal
left-amygdala,left_meanthickness,,g&s_cingul-ant_numvert,bankssts_numvert,caudalanteriorcingulate_numvert,g&s_paracentral_surfarea,frontalpole_surfarea,inferiorparietal_surfarea,ba1_exvivo_numvert,hata,g&s_cingul-ant_numvert,bankssts_numvert,caudalanteriorcingulate_numvert,g&s_paracentral_surfarea,frontalpole_surfarea,inferiorparietal_surfarea,ba1_exvivo_numvert,hata,wm-lh-frontalpole
left-caudate,left_pialsurfarea,,g&s_cingul-ant_surfarea,bankssts_surfarea,caudalanteriorcingulate_surfarea,g&s_subcentral_surfarea,fusiform_surfarea,inferiortemporal_surfarea,ba1_exvivo_surfarea,hippocampal-fissure,g&s_cingul-ant_surfarea,bankssts_surfarea,caudalanteriorcingulate_surfarea,g&s_subcentral_surfarea,fusiform_surfarea,inferiortemporal_surfarea,ba1_exvivo_surfarea,hippocampal-fissure,wm-lh-fusiform
left-cerebellum-cortex,left_whitesurfarea,,g&s_cingul-ant_thickavg,bankssts_thickavg,caudalanteriorcingulate_thickavg,g&s_transv_frontopol_surfarea,inferiorparietal_surfarea,insula_surfarea,ba1_exvivo_thickavg,hippocampal_tail,g&s_cingul-ant_thickavg,bankssts_thickavg,caudalanteriorcingulate_thickavg,g&s_transv_frontopol_surfarea,inferiorparietal_surfarea,insula_surfarea,ba1_exvivo_thickavg,hippocampal_tail,wm-lh-inferiorparietal
left-cerebellum-white-matter,lhcerebralwhitemattervol,,g&s_cingul-ant_thickstd,bankssts_thickstd,caudalanteriorcingulate_thickstd,g_cingul-post-dorsal_surfarea,inferiortemporal_surfarea,isthmuscingulate_surfarea,ba1_exvivo_thickstd,molecular_layer_hp,g&s_cingul-ant_thickstd,bankssts_thickstd,caudalanteriorcingulate_thickstd,g_cingul-post-dorsal_surfarea,inferiortemporal_surfarea,isthmuscingulate_surfarea,ba1_exvivo_thickstd,molecular_layer_hp,wm-lh-inferiortemporal
left-hippocampus,lhcortexvol,,g&s_cingul-mid-ant_curvind,caudalanteriorcingulate_curvind,caudalmiddlefrontal_curvind,g_cingul-post-ventral_surfarea,insula_surfarea,lateraloccipital_surfarea,ba2_exvivo_curvind,parasubiculum,g&s_cingul-mid-ant_curvind,caudalanteriorcingulate_curvind,caudalmiddlefrontal_curvind,g_cingul-post-ventral_surfarea,insula_surfarea,lateraloccipital_surfarea,ba2_exvivo_curvind,parasubiculum,wm-lh-insula
left-inf-lat-vent,rhcerebralwhitemattervol,,g&s_cingul-mid-ant_foldind,caudalanteriorcingulate_foldind,caudalmiddlefrontal_foldind,g_cuneus_surfarea,isthmuscingulate_surfarea,lateralorbitofrontal_surfarea,ba2_exvivo_foldind,presubiculum,g&s_cingul-mid-ant_foldind,caudalanteriorcingulate_foldind,caudalmiddlefrontal_foldind,g_cuneus_surfarea,isthmuscingulate_surfarea,lateralorbitofrontal_surfarea,ba2_exvivo_foldind,presubiculum,wm-lh-isthmuscingulate
left-lateral-ventricle,rhcortexvol,,g&s_cingul-mid-ant_gauscurv,caudalanteriorcingulate_gauscurv,caudalmiddlefrontal_gauscurv,g_front_inf-opercular_surfarea,lateraloccipital_surfarea,lingual_surfarea,ba2_exvivo_gauscurv,subiculum,g&s_cingul-mid-ant_gauscurv,caudalanteriorcingulate_gauscurv,caudalmiddlefrontal_gauscurv,g_front_inf-opercular_surfarea,lateraloccipital_surfarea,lingual_surfarea,ba2_exvivo_gauscurv,subiculum,wm-lh-lateraloccipital
left-pallidum,right_meanthickness,,g&s_cingul-mid-ant_grayvol,caudalanteriorcingulate_grayvol,caudalmiddlefrontal_grayvol,g_front_inf-orbital_surfarea,lateralorbitofrontal_surfarea,medialorbitofrontal_surfarea,ba2_exvivo_grayvol,whole_hippocampus,g&s_cingul-mid-ant_grayvol,caudalanteriorcingulate_grayvol,caudalmiddlefrontal_grayvol,g_front_inf-orbital_surfarea,lateralorbitofrontal_surfarea,medialorbitofrontal_surfarea,ba2_exvivo_grayvol,whole_hippocampus,wm-lh-lateralorbitofrontal
left-putamen,right_pialsurfarea,,g&s_cingul-mid-ant_meancurv,caudalanteriorcingulate_meancurv,caudalmiddlefrontal_meancurv,g_front_inf-triangul_surfarea,lingual_surfarea,middletemporal_surfarea,ba2_exvivo_meancurv,,g&s_cingul-mid-ant_meancurv,caudalanteriorcingulate_meancurv,caudalmiddlefrontal_meancurv,g_front_inf-triangul_surfarea,lingual_surfarea,middletemporal_surfarea,ba2_exvivo_meancurv,,wm-lh-lingual
left-thalamus-proper,right_whitesurfarea,,g&s_cingul-mid-ant_numvert,caudalanteriorcingulate_numvert,caudalmiddlefrontal_numvert,g_front_middle_surfarea,medialorbitofrontal_surfarea,paracentral_surfarea,ba2_exvivo_numvert,,g&s_cingul-mid-ant_numvert,caudalanteriorcingulate_numvert,caudalmiddlefrontal_numvert,g_front_middle_surfarea,medialorbitofrontal_surfarea,paracentral_surfarea,ba2_exvivo_numvert,,wm-lh-medialorbitofrontal
left-ventraldc,subcortgrayvol,,g&s_cingul-mid-ant_surfarea,caudalanteriorcingulate_surfarea,caudalmiddlefrontal_surfarea,g_front_sup_surfarea,middletemporal_surfarea,parahippocampal_surfarea,ba2_exvivo_surfarea,,g&s_cingul-mid-ant_surfarea,caudalanteriorcingulate_surfarea,caudalmiddlefrontal_surfarea,g_front_sup_surfarea,middletemporal_surfarea,parahippocampal_surfarea,ba2_exvivo_surfarea,,wm-lh-middletemporal
right-accumbens-area,supratentorialvol,,g&s_cingul-mid-ant_thickavg,caudalanteriorcingulate_thickavg,caudalmiddlefrontal_thickavg,g_ins_lg&s_cent_ins_surfarea,paracentral_surfarea,parsopercularis_surfarea,ba2_exvivo_thickavg,,g&s_cingul-mid-ant_thickavg,caudalanteriorcingulate_thickavg,caudalmiddlefrontal_thickavg,g_ins_lg&s_cent_ins_surfarea,paracentral_surfarea,parsopercularis_surfarea,ba2_exvivo_thickavg,,wm-lh-paracentral
right-amygdala,supratentorialvolnotvent,,g&s_cingul-mid-ant_thickstd,caudalanteriorcingulate_thickstd,caudalmiddlefrontal_thickstd,g_insular_short_surfarea,parahippocampal_surfarea,parsorbitalis_surfarea,ba2_exvivo_thickstd,,g&s_cingul-mid-ant_thickstd,caudalanteriorcingulate_thickstd,caudalmiddlefrontal_thickstd,g_insular_short_surfarea,parahippocampal_surfarea,parsorbitalis_surfarea,ba2_exvivo_thickstd,,wm-lh-parahippocampal
right-caudate,supratentorialvolnotventvox,,g&s_cingul-mid-post_curvind,caudalmiddlefrontal_curvind,cuneus_curvind,g_oc-temp_lat-fusifor_surfarea,parsopercularis_surfarea,parstriangularis_surfarea,ba3a_exvivo_curvind,,g&s_cingul-mid-post_curvind,caudalmiddlefrontal_curvind,cuneus_curvind,g_oc-temp_lat-fusifor_surfarea,parsopercularis_surfarea,parstriangularis_surfarea,ba3a_exvivo_curvind,,wm-lh-parsopercularis
right-cerebellum-cortex,totalgrayvol,,g&s_cingul-mid-post_foldind,caudalmiddlefrontal_foldind,cuneus_foldind,g_oc-temp_med-lingual_surfarea,parsorbitalis_surfarea,pericalcarine_surfarea,ba3a_exvivo_foldind,,g&s_cingul-mid-post_foldind,caudalmiddlefrontal_foldind,cuneus_foldind,g_oc-temp_med-lingual_surfarea,parsorbitalis_surfarea,pericalcarine_surfarea,ba3a_exvivo_foldind,,wm-lh-parsorbitalis
right-cerebellum-white-matter,,,g&s_cingul-mid-post_gauscurv,caudalmiddlefrontal_gauscurv,cuneus_gauscurv,g_oc-temp_med-parahip_surfarea,parstriangularis_surfarea,postcentral_surfarea,ba3a_exvivo_gauscurv,,g&s_cingul-mid-post_gauscurv,caudalmiddlefrontal_gauscurv,cuneus_gauscurv,g_oc-temp_med-parahip_surfarea,parstriangularis_surfarea,postcentral_surfarea,ba3a_exvivo_gauscurv,,wm-lh-parstriangularis
right-hippocampus,,,g&s_cingul-mid-post_grayvol,caudalmiddlefrontal_grayvol,cuneus_grayvol,g_occipital_middle_surfarea,pericalcarine_surfarea,posteriorcingulate_surfarea,ba3a_exvivo_grayvol,,g&s_cingul-mid-post_grayvol,caudalmiddlefrontal_grayvol,cuneus_grayvol,g_occipital_middle_surfarea,pericalcarine_surfarea,posteriorcingulate_surfarea,ba3a_exvivo_grayvol,,wm-lh-pericalcarine
right-inf-lat-vent,,,g&s_cingul-mid-post_meancurv,caudalmiddlefrontal_meancurv,cuneus_meancurv,g_occipital_sup_surfarea,postcentral_surfarea,precentral_surfarea,ba3a_exvivo_meancurv,,g&s_cingul-mid-post_meancurv,caudalmiddlefrontal_meancurv,cuneus_meancurv,g_occipital_sup_surfarea,postcentral_surfarea,precentral_surfarea,ba3a_exvivo_meancurv,,wm-lh-postcentral
right-lateral-ventricle,,,g&s_cingul-mid-post_numvert,caudalmiddlefrontal_numvert,cuneus_numvert,g_orbital_surfarea,posteriorcingulate_surfarea,precuneus_surfarea,ba3a_exvivo_numvert,,g&s_cingul-mid-post_numvert,caudalmiddlefrontal_numvert,cuneus_numvert,g_orbital_surfarea,posteriorcingulate_surfarea,precuneus_surfarea,ba3a_exvivo_numvert,,wm-lh-posteriorcingulate
right-pallidum,,,g&s_cingul-mid-post_surfarea,caudalmiddlefrontal_surfarea,cuneus_surfarea,g_pariet_inf-angular_surfarea,precentral_surfarea,rostralanteriorcingulate_surfarea,ba3a_exvivo_surfarea,,g&s_cingul-mid-post_surfarea,caudalmiddlefrontal_surfarea,cuneus_surfarea,g_pariet_inf-angular_surfarea,precentral_surfarea,rostralanteriorcingulate_surfarea,ba3a_exvivo_surfarea,,wm-lh-precentral
right-putamen,,,g&s_cingul-mid-post_thickavg,caudalmiddlefrontal_thickavg,cuneus_thickavg,g_pariet_inf-supramar_surfarea,precuneus_surfarea,rostralmiddlefrontal_surfarea,ba3a_exvivo_thickavg,,g&s_cingul-mid-post_thickavg,caudalmiddlefrontal_thickavg,cuneus_thickavg,g_pariet_inf-supramar_surfarea,precuneus_surfarea,rostralmiddlefrontal_surfarea,ba3a_exvivo_thickavg,,wm-lh-precuneus
right-thalamus-proper,,,g&s_cingul-mid-post_thickstd,caudalmiddlefrontal_thickstd,cuneus_thickstd,g_parietal_sup_surfarea,rostralanteriorcingulate_surfarea,superiorfrontal_surfarea,ba3a_exvivo_thickstd,,g&s_cingul-mid-post_thickstd,caudalmiddlefrontal_thickstd,cuneus_thickstd,g_parietal_sup_surfarea,rostralanteriorcingulate_surfarea,superiorfrontal_surfarea,ba3a_exvivo_thickstd,,wm-lh-rostralanteriorcingulate
right-ventraldc,,,g&s_frontomargin_curvind,cuneus_curvind,entorhinal_curvind,g_postcentral_surfarea,rostralmiddlefrontal_surfarea,superiorparietal_surfarea,ba3b_exvivo_curvind,,g&s_frontomargin_curvind,cuneus_curvind,entorhinal_curvind,g_postcentral_surfarea,rostralmiddlefrontal_surfarea,superiorparietal_surfarea,ba3b_exvivo_curvind,,wm-lh-rostralmiddlefrontal
ventricles,,,g&s_frontomargin_foldind,cuneus_foldind,entorhinal_foldind,g_precentral_surfarea,superiorfrontal_surfarea,superiortemporal_surfarea,ba3b_exvivo_foldind,,g&s_frontomargin_foldind,cuneus_foldind,entorhinal_foldind,g_precentral_surfarea,superiorfrontal_surfarea,superiortemporal_surfarea,ba3b_exvivo_foldind,,wm-lh-superiorfrontal
,,,g&s_frontomargin_gauscurv,cuneus_gauscurv,entorhinal_gauscurv,g_precuneus_surfarea,superiorparietal_surfarea,supramarginal_surfarea,ba3b_exvivo_gauscurv,,g&s_frontomargin_gauscurv,cuneus_gauscurv,entorhinal_gauscurv,g_precuneus_surfarea,superiorparietal_surfarea,supramarginal_surfarea,ba3b_exvivo_gauscurv,,wm-lh-superiorparietal
,,,g&s_frontomargin_grayvol,cuneus_grayvol,entorhinal_grayvol,g_rectus_surfarea,superiortemporal_surfarea,transversetemporal_surfarea,ba3b_exvivo_grayvol,,g&s_frontomargin_grayvol,cuneus_grayvol,entorhinal_grayvol,g_rectus_surfarea,superiortemporal_surfarea,transversetemporal_surfarea,ba3b_exvivo_grayvol,,wm-lh-superiortemporal
,,,g&s_frontomargin_meancurv,cuneus_meancurv,entorhinal_meancurv,g_subcallosal_surfarea,supramarginal_surfarea,,ba3b_exvivo_meancurv,,g&s_frontomargin_meancurv,cuneus_meancurv,entorhinal_meancurv,g_subcallosal_surfarea,supramarginal_surfarea,,ba3b_exvivo_meancurv,,wm-lh-supramarginal
,,,g&s_frontomargin_numvert,cuneus_numvert,entorhinal_numvert,g_temp_sup-g_t_transv_surfarea,temporalpole_surfarea,,ba3b_exvivo_numvert,,g&s_frontomargin_numvert,cuneus_numvert,entorhinal_numvert,g_temp_sup-g_t_transv_surfarea,temporalpole_surfarea,,ba3b_exvivo_numvert,,wm-lh-temporalpole
,,,g&s_frontomargin_surfarea,cuneus_surfarea,entorhinal_surfarea,g_temp_sup-lateral_surfarea,transversetemporal_surfarea,,ba3b_exvivo_surfarea,,g&s_frontomargin_surfarea,cuneus_surfarea,entorhinal_surfarea,g_temp_sup-lateral_surfarea,transversetemporal_surfarea,,ba3b_exvivo_surfarea,,wm-lh-transversetemporal
,,,g&s_frontomargin_thickavg,cuneus_thickavg,entorhinal_thickavg,g_temp_sup-plan_polar_surfarea,,,ba3b_exvivo_thickavg,,g&s_frontomargin_thickavg,cuneus_thickavg,entorhinal_thickavg,g_temp_sup-plan_polar_surfarea,,,ba3b_exvivo_thickavg,,wm-rh-bankssts
,,,g&s_frontomargin_thickstd,cuneus_thickstd,entorhinal_thickstd,g_temp_sup-plan_tempo_surfarea,,,ba3b_exvivo_thickstd,,g&s_frontomargin_thickstd,cuneus_thickstd,entorhinal_thickstd,g_temp_sup-plan_tempo_surfarea,,,ba3b_exvivo_thickstd,,wm-rh-caudalanteriorcingulate
,,,g&s_occipital_inf_curvind,entorhinal_curvind,fusiform_curvind,g_temporal_inf_surfarea,,,ba44_exvivo_curvind,,g&s_occipital_inf_curvind,entorhinal_curvind,fusiform_curvind,g_temporal_inf_surfarea,,,ba44_exvivo_curvind,,wm-rh-caudalmiddlefrontal
,,,g&s_occipital_inf_foldind,entorhinal_foldind,fusiform_foldind,g_temporal_middle_surfarea,,,ba44_exvivo_foldind,,g&s_occipital_inf_foldind,entorhinal_foldind,fusiform_foldind,g_temporal_middle_surfarea,,,ba44_exvivo_foldind,,wm-rh-cuneus
,,,g&s_occipital_inf_gauscurv,entorhinal_gauscurv,fusiform_gauscurv,lat_fis-ant-horizont_surfarea,,,ba44_exvivo_gauscurv,,g&s_occipital_inf_gauscurv,entorhinal_gauscurv,fusiform_gauscurv,lat_fis-ant-horizont_surfarea,,,ba44_exvivo_gauscurv,,wm-rh-entorhinal
,,,g&s_occipital_inf_grayvol,entorhinal_grayvol,fusiform_grayvol,lat_fis-ant-vertical_surfarea,,,ba44_exvivo_grayvol,,g&s_occipital_inf_grayvol,entorhinal_grayvol,fusiform_grayvol,lat_fis-ant-vertical_surfarea,,,ba44_exvivo_grayvol,,wm-rh-frontalpole
,,,g&s_occipital_inf_meancurv,entorhinal_meancurv,fusiform_meancurv,lat_fis-post_surfarea,,,ba44_exvivo_meancurv,,g&s_occipital_inf_meancurv,entorhinal_meancurv,fusiform_meancurv,lat_fis-post_surfarea,,,ba44_exvivo_meancurv,,wm-rh-fusiform
,,,g&s_occipital_inf_numvert,entorhinal_numvert,fusiform_numvert,pole_occipital_surfarea,,,ba44_exvivo_numvert,,g&s_occipital_inf_numvert,entorhinal_numvert,fusiform_numvert,pole_occipital_surfarea,,,ba44_exvivo_numvert,,wm-rh-inferiorparietal
,,,g&s_occipital_inf_surfarea,entorhinal_surfarea,fusiform_surfarea,pole_temporal_surfarea,,,ba44_exvivo_surfarea,,g&s_occipital_inf_surfarea,entorhinal_surfarea,fusiform_surfarea,pole_temporal_surfarea,,,ba44_exvivo_surfarea,,wm-rh-inferiortemporal
,,,g&s_occipital_inf_thickavg,entorhinal_thickavg,fusiform_thickavg,s_calcarine_surfarea,,,ba44_exvivo_thickavg,,g&s_occipital_inf_thickavg,entorhinal_thickavg,fusiform_thickavg,s_calcarine_surfarea,,,ba44_exvivo_thickavg,,wm-rh-insula
,,,g&s_occipital_inf_thickstd,entorhinal_thickstd,fusiform_thickstd,s_central_surfarea,,,ba44_exvivo_thickstd,,g&s_occipital_inf_thickstd,entorhinal_thickstd,fusiform_thickstd,s_central_surfarea,,,ba44_exvivo_thickstd,,wm-rh-isthmuscingulate
,,,g&s_paracentral_curvind,frontalpole_curvind,inferiorparietal_curvind,s_cingul-marginalis_surfarea,,,ba45_exvivo_curvind,,g&s_paracentral_curvind,frontalpole_curvind,inferiorparietal_curvind,s_cingul-marginalis_surfarea,,,ba45_exvivo_curvind,,wm-rh-lateraloccipital
,,,g&s_paracentral_foldind,frontalpole_foldind,inferiorparietal_foldind,s_circular_insula_ant_surfarea,,,ba45_exvivo_foldind,,g&s_paracentral_foldind,frontalpole_foldind,inferiorparietal_foldind,s_circular_insula_ant_surfarea,,,ba45_exvivo_foldind,,wm-rh-lateralorbitofrontal
,,,g&s_paracentral_gauscurv,frontalpole_gauscurv,inferiorparietal_gauscurv,s_circular_insula_inf_surfarea,,,ba45_exvivo_gauscurv,,g&s_paracentral_gauscurv,frontalpole_gauscurv,inferiorparietal_gauscurv,s_circular_insula_inf_surfarea,,,ba45_exvivo_gauscurv,,wm-rh-lingual
,,,g&s_paracentral_grayvol,frontalpole_grayvol,inferiorparietal_grayvol,s_circular_insula_sup_surfarea,,,ba45_exvivo_grayvol,,g&s_paracentral_grayvol,frontalpole_grayvol,inferiorparietal_grayvol,s_circular_insula_sup_surfarea,,,ba45_exvivo_grayvol,,wm-rh-medialorbitofrontal
,,,g&s_paracentral_meancurv,frontalpole_meancurv,inferiorparietal_meancurv,s_collat_transv_ant_surfarea,,,ba45_exvivo_meancurv,,g&s_paracentral_meancurv,frontalpole_meancurv,inferiorparietal_meancurv,s_collat_transv_ant_surfarea,,,ba45_exvivo_meancurv,,wm-rh-middletemporal
,,,g&s_paracentral_numvert,frontalpole_numvert,inferiorparietal_numvert,s_collat_transv_post_surfarea,,,ba45_exvivo_numvert,,g&s_paracentral_numvert,frontalpole_numvert,inferiorparietal_numvert,s_collat_transv_post_surfarea,,,ba45_exvivo_numvert,,wm-rh-paracentral
,,,g&s_paracentral_surfarea,frontalpole_surfarea,inferiorparietal_surfarea,s_front_inf_surfarea,,,ba45_exvivo_surfarea,,g&s_paracentral_surfarea,frontalpole_surfarea,inferiorparietal_surfarea,s_front_inf_surfarea,,,ba45_exvivo_surfarea,,wm-rh-parahippocampal
,,,g&s_paracentral_thickavg,frontalpole_thickavg,inferiorparietal_thickavg,s_front_middle_surfarea,,,ba45_exvivo_thickavg,,g&s_paracentral_thickavg,frontalpole_thickavg,inferiorparietal_thickavg,s_front_middle_surfarea,,,ba45_exvivo_thickavg,,wm-rh-parsopercularis
,,,g&s_paracentral_thickstd,frontalpole_thickstd,inferiorparietal_thickstd,s_front_sup_surfarea,,,ba45_exvivo_thickstd,,g&s_paracentral_thickstd,frontalpole_thickstd,inferiorparietal_thickstd,s_front_sup_surfarea,,,ba45_exvivo_thickstd,,wm-rh-parsorbitalis
,,,g&s_subcentral_curvind,fusiform_curvind,inferiortemporal_curvind,s_interm_prim-jensen_surfarea,,,ba4a_exvivo_curvind,,g&s_subcentral_curvind,fusiform_curvind,inferiortemporal_curvind,s_interm_prim-jensen_surfarea,,,ba4a_exvivo_curvind,,wm-rh-parstriangularis
,,,g&s_subcentral_foldind,fusiform_foldind,inferiortemporal_foldind,s_intrapariet&p_trans_surfarea,,,ba4a_exvivo_foldind,,g&s_subcentral_foldind,fusiform_foldind,inferiortemporal_foldind,s_intrapariet&p_trans_surfarea,,,ba4a_exvivo_foldind,,wm-rh-pericalcarine
,,,g&s_subcentral_gauscurv,fusiform_gauscurv,inferiortemporal_gauscurv,s_oc-temp_lat_surfarea,,,ba4a_exvivo_gauscurv,,g&s_subcentral_gauscurv,fusiform_gauscurv,inferiortemporal_gauscurv,s_oc-temp_lat_surfarea,,,ba4a_exvivo_gauscurv,,wm-rh-postcentral
,,,g&s_subcentral_grayvol,fusiform_grayvol,inferiortemporal_grayvol,s_oc-temp_med&lingual_surfarea,,,ba4a_exvivo_grayvol,,g&s_subcentral_grayvol,fusiform_grayvol,inferiortemporal_grayvol,s_oc-temp_med&lingual_surfarea,,,ba4a_exvivo_grayvol,,wm-rh-posteriorcingulate
,,,g&s_subcentral_meancurv,fusiform_meancurv,inferiortemporal_meancurv,s_oc_middle&lunatus_surfarea,,,ba4a_exvivo_meancurv,,g&s_subcentral_meancurv,fusiform_meancurv,inferiortemporal_meancurv,s_oc_middle&lunatus_surfarea,,,ba4a_exvivo_meancurv,,wm-rh-precentral
,,,g&s_subcentral_numvert,fusiform_numvert,inferiortemporal_numvert,s_oc_sup&transversal_surfarea,,,ba4a_exvivo_numvert,,g&s_subcentral_numvert,fusiform_numvert,inferiortemporal_numvert,s_oc_sup&transversal_surfarea,,,ba4a_exvivo_numvert,,wm-rh-precuneus
,,,g&s_subcentral_surfarea,fusiform_surfarea,inferiortemporal_surfarea,s_occipital_ant_surfarea,,,ba4a_exvivo_surfarea,,g&s_subcentral_surfarea,fusiform_surfarea,inferiortemporal_surfarea,s_occipital_ant_surfarea,,,ba4a_exvivo_surfarea,,wm-rh-rostralanteriorcingulate
,,,g&s_subcentral_thickavg,fusiform_thickavg,inferiortemporal_thickavg,s_orbital-h_shaped_surfarea,,,ba4a_exvivo_thickavg,,g&s_subcentral_thickavg,fusiform_thickavg,inferiortemporal_thickavg,s_orbital-h_shaped_surfarea,,,ba4a_exvivo_thickavg,,wm-rh-rostralmiddlefrontal
,,,g&s_subcentral_thickstd,fusiform_thickstd,inferiortemporal_thickstd,s_orbital_lateral_surfarea,,,ba4a_exvivo_thickstd,,g&s_subcentral_thickstd,fusiform_thickstd,inferiortemporal_thickstd,s_orbital_lateral_surfarea,,,ba4a_exvivo_thickstd,,wm-rh-superiorfrontal
,,,g&s_transv_frontopol_curvind,inferiorparietal_curvind,insula_curvind,s_orbital_med-olfact_surfarea,,,ba4p_exvivo_curvind,,g&s_transv_frontopol_curvind,inferiorparietal_curvind,insula_curvind,s_orbital_med-olfact_surfarea,,,ba4p_exvivo_curvind,,wm-rh-superiorparietal
,,,g&s_transv_frontopol_foldind,inferiorparietal_foldind,insula_foldind,s_parieto_occipital_surfarea,,,ba4p_exvivo_foldind,,g&s_transv_frontopol_foldind,inferiorparietal_foldind,insula_foldind,s_parieto_occipital_surfarea,,,ba4p_exvivo_foldind,,wm-rh-superiortemporal
,,,g&s_transv_frontopol_gauscurv,inferiorparietal_gauscurv,insula_gauscurv,s_pericallosal_surfarea,,,ba4p_exvivo_gauscurv,,g&s_transv_frontopol_gauscurv,inferiorparietal_gauscurv,insula_gauscurv,s_pericallosal_surfarea,,,ba4p_exvivo_gauscurv,,wm-rh-supramarginal
,,,g&s_transv_frontopol_grayvol,inferiorparietal_grayvol,insula_grayvol,s_postcentral_surfarea,,,ba4p_exvivo_grayvol,,g&s_transv_frontopol_grayvol,inferiorparietal_grayvol,insula_grayvol,s_postcentral_surfarea,,,ba4p_exvivo_grayvol,,wm-rh-temporalpole
,,,g&s_transv_frontopol_meancurv,inferiorparietal_meancurv,insula_meancurv,s_precentral-inf-part_surfarea,,,ba4p_exvivo_meancurv,,g&s_transv_frontopol_meancurv,inferiorparietal_meancurv,insula_meancurv,s_precentral-inf-part_surfarea,,,ba4p_exvivo_meancurv,,wm-rh-transversetemporal
,,,g&s_transv_frontopol_numvert,inferiorparietal_numvert,insula_numvert,s_precentral-sup-part_surfarea,,,ba4p_exvivo_numvert,,g&s_transv_frontopol_numvert,inferiorparietal_numvert,insula_numvert,s_precentral-sup-part_surfarea,,,ba4p_exvivo_numvert,,
,,,g&s_transv_frontopol_surfarea,inferiorparietal_surfarea,insula_surfarea,s_suborbital_surfarea,,,ba4p_exvivo_surfarea,,g&s_transv_frontopol_surfarea,inferiorparietal_surfarea,insula_surfarea,s_suborbital_surfarea,,,ba4p_exvivo_surfarea,,
,,,g&s_transv_frontopol_thickavg,inferiorparietal_thickavg,insula_thickavg,s_subparietal_surfarea,,,ba4p_exvivo_thickavg,,g&s_transv_frontopol_thickavg,inferiorparietal_thickavg,insula_thickavg,s_subparietal_surfarea,,,ba4p_exvivo_thickavg,,
,,,g&s_transv_frontopol_thickstd,inferiorparietal_thickstd,insula_thickstd,s_temporal_inf_surfarea,,,ba4p_exvivo_thickstd,,g&s_transv_frontopol_thickstd,inferiorparietal_thickstd,insula_thickstd,s_temporal_inf_surfarea,,,ba4p_exvivo_thickstd,,
,,,g_cingul-post-dorsal_curvind,inferiortemporal_curvind,isthmuscingulate_curvind,s_temporal_sup_surfarea,,,ba6_exvivo_curvind,,g_cingul-post-dorsal_curvind,inferiortemporal_curvind,isthmuscingulate_curvind,s_temporal_sup_surfarea,,,ba6_exvivo_curvind,,
,,,g_cingul-post-dorsal_foldind,inferiortemporal_foldind,isthmuscingulate_foldind,s_temporal_transverse_surfarea,,,ba6_exvivo_foldind,,g_cingul-post-dorsal_foldind,inferiortemporal_foldind,isthmuscingulate_foldind,s_temporal_transverse_surfarea,,,ba6_exvivo_foldind,,
,,,g_cingul-post-dorsal_gauscurv,inferiortemporal_gauscurv,isthmuscingulate_gauscurv,,,,ba6_exvivo_gauscurv,,g_cingul-post-dorsal_gauscurv,inferiortemporal_gauscurv,isthmuscingulate_gauscurv,,,,ba6_exvivo_gauscurv,,
,,,g_cingul-post-dorsal_grayvol,inferiortemporal_grayvol,isthmuscingulate_grayvol,,,,ba6_exvivo_grayvol,,g_cingul-post-dorsal_grayvol,inferiortemporal_grayvol,isthmuscingulate_grayvol,,,,ba6_exvivo_grayvol,,
,,,g_cingul-post-dorsal_meancurv,inferiortemporal_meancurv,isthmuscingulate_meancurv,,,,ba6_exvivo_meancurv,,g_cingul-post-dorsal_meancurv,inferiortemporal_meancurv,isthmuscingulate_meancurv,,,,ba6_exvivo_meancurv,,
,,,g_cingul-post-dorsal_numvert,inferiortemporal_numvert,isthmuscingulate_numvert,,,,ba6_exvivo_numvert,,g_cingul-post-dorsal_numvert,inferiortemporal_numvert,isthmuscingulate_numvert,,,,ba6_exvivo_numvert,,
,,,g_cingul-post-dorsal_surfarea,inferiortemporal_surfarea,isthmuscingulate_surfarea,,,,ba6_exvivo_surfarea,,g_cingul-post-dorsal_surfarea,inferiortemporal_surfarea,isthmuscingulate_surfarea,,,,ba6_exvivo_surfarea,,
,,,g_cingul-post-dorsal_thickavg,inferiortemporal_thickavg,isthmuscingulate_thickavg,,,,ba6_exvivo_thickavg,,g_cingul-post-dorsal_thickavg,inferiortemporal_thickavg,isthmuscingulate_thickavg,,,,ba6_exvivo_thickavg,,
,,,g_cingul-post-dorsal_thickstd,inferiortemporal_thickstd,isthmuscingulate_thickstd,,,,ba6_exvivo_thickstd,,g_cingul-post-dorsal_thickstd,inferiortemporal_thickstd,isthmuscingulate_thickstd,,,,ba6_exvivo_thickstd,,
,,,g_cingul-post-ventral_curvind,insula_curvind,lateraloccipital_curvind,,,,entorhinal_exvivo_curvind,,g_cingul-post-ventral_curvind,insula_curvind,lateraloccipital_curvind,,,,entorhinal_exvivo_curvind,,
,,,g_cingul-post-ventral_foldind,insula_foldind,lateraloccipital_foldind,,,,entorhinal_exvivo_foldind,,g_cingul-post-ventral_foldind,insula_foldind,lateraloccipital_foldind,,,,entorhinal_exvivo_foldind,,
,,,g_cingul-post-ventral_gauscurv,insula_gauscurv,lateraloccipital_gauscurv,,,,entorhinal_exvivo_gauscurv,,g_cingul-post-ventral_gauscurv,insula_gauscurv,lateraloccipital_gauscurv,,,,entorhinal_exvivo_gauscurv,,
,,,g_cingul-post-ventral_grayvol,insula_grayvol,lateraloccipital_grayvol,,,,entorhinal_exvivo_grayvol,,g_cingul-post-ventral_grayvol,insula_grayvol,lateraloccipital_grayvol,,,,entorhinal_exvivo_grayvol,,
,,,g_cingul-post-ventral_meancurv,insula_meancurv,lateraloccipital_meancurv,,,,entorhinal_exvivo_meancurv,,g_cingul-post-ventral_meancurv,insula_meancurv,lateraloccipital_meancurv,,,,entorhinal_exvivo_meancurv,,
,,,g_cingul-post-ventral_numvert,insula_numvert,lateraloccipital_numvert,,,,entorhinal_exvivo_numvert,,g_cingul-post-ventral_numvert,insula_numvert,lateraloccipital_numvert,,,,entorhinal_exvivo_numvert,,
,,,g_cingul-post-ventral_surfarea,insula_surfarea,lateraloccipital_surfarea,,,,entorhinal_exvivo_surfarea,,g_cingul-post-ventral_surfarea,insula_surfarea,lateraloccipital_surfarea,,,,entorhinal_exvivo_surfarea,,
,,,g_cingul-post-ventral_thickavg,insula_thickavg,lateraloccipital_thickavg,,,,entorhinal_exvivo_thickavg,,g_cingul-post-ventral_thickavg,insula_thickavg,lateraloccipital_thickavg,,,,entorhinal_exvivo_thickavg,,
,,,g_cingul-post-ventral_thickstd,insula_thickstd,lateraloccipital_thickstd,,,,entorhinal_exvivo_thickstd,,g_cingul-post-ventral_thickstd,insula_thickstd,lateraloccipital_thickstd,,,,entorhinal_exvivo_thickstd,,
,,,g_cuneus_curvind,isthmuscingulate_curvind,lateralorbitofrontal_curvind,,,,mt_exvivo_curvind,,g_cuneus_curvind,isthmuscingulate_curvind,lateralorbitofrontal_curvind,,,,mt_exvivo_curvind,,
,,,g_cuneus_foldind,isthmuscingulate_foldind,lateralorbitofrontal_foldind,,,,mt_exvivo_foldind,,g_cuneus_foldind,isthmuscingulate_foldind,lateralorbitofrontal_foldind,,,,mt_exvivo_foldind,,
,,,g_cuneus_gauscurv,isthmuscingulate_gauscurv,lateralorbitofrontal_gauscurv,,,,mt_exvivo_gauscurv,,g_cuneus_gauscurv,isthmuscingulate_gauscurv,lateralorbitofrontal_gauscurv,,,,mt_exvivo_gauscurv,,
,,,g_cuneus_grayvol,isthmuscingulate_grayvol,lateralorbitofrontal_grayvol,,,,mt_exvivo_grayvol,,g_cuneus_grayvol,isthmuscingulate_grayvol,lateralorbitofrontal_grayvol,,,,mt_exvivo_grayvol,,
,,,g_cuneus_meancurv,isthmuscingulate_meancurv,lateralorbitofrontal_meancurv,,,,mt_exvivo_meancurv,,g_cuneus_meancurv,isthmuscingulate_meancurv,lateralorbitofrontal_meancurv,,,,mt_exvivo_meancurv,,
,,,g_cuneus_numvert,isthmuscingulate_numvert,lateralorbitofrontal_numvert,,,,mt_exvivo_numvert,,g_cuneus_numvert,isthmuscingulate_numvert,lateralorbitofrontal_numvert,,,,mt_exvivo_numvert,,
,,,g_cuneus_surfarea,isthmuscingulate_surfarea,lateralorbitofrontal_surfarea,,,,mt_exvivo_surfarea,,g_cuneus_surfarea,isthmuscingulate_surfarea,lateralorbitofrontal_surfarea,,,,mt_exvivo_surfarea,,
,,,g_cuneus_thickavg,isthmuscingulate_thickavg,lateralorbitofrontal_thickavg,,,,mt_exvivo_thickavg,,g_cuneus_thickavg,isthmuscingulate_thickavg,lateralorbitofrontal_thickavg,,,,mt_exvivo_thickavg,,
,,,g_cuneus_thickstd,isthmuscingulate_thickstd,lateralorbitofrontal_thickstd,,,,mt_exvivo_thickstd,,g_cuneus_thickstd,isthmuscingulate_thickstd,lateralorbitofrontal_thickstd,,,,mt_exvivo_thickstd,,
,,,g_front_inf-opercular_curvind,lateraloccipital_curvind,lingual_curvind,,,,perirhinal_exvivo_curvind,,g_front_inf-opercular_curvind,lateraloccipital_curvind,lingual_curvind,,,,perirhinal_exvivo_curvind,,
,,,g_front_inf-opercular_foldind,lateraloccipital_foldind,lingual_foldind,,,,perirhinal_exvivo_foldind,,g_front_inf-opercular_foldind,lateraloccipital_foldind,lingual_foldind,,,,perirhinal_exvivo_foldind,,
,,,g_front_inf-opercular_gauscurv,lateraloccipital_gauscurv,lingual_gauscurv,,,,perirhinal_exvivo_gauscurv,,g_front_inf-opercular_gauscurv,lateraloccipital_gauscurv,lingual_gauscurv,,,,perirhinal_exvivo_gauscurv,,
,,,g_front_inf-opercular_grayvol,lateraloccipital_grayvol,lingual_grayvol,,,,perirhinal_exvivo_grayvol,,g_front_inf-opercular_grayvol,lateraloccipital_grayvol,lingual_grayvol,,,,perirhinal_exvivo_grayvol,,
,,,g_front_inf-opercular_meancurv,lateraloccipital_meancurv,lingual_meancurv,,,,perirhinal_exvivo_meancurv,,g_front_inf-opercular_meancurv,lateraloccipital_meancurv,lingual_meancurv,,,,perirhinal_exvivo_meancurv,,
,,,g_front_inf-opercular_numvert,lateraloccipital_numvert,lingual_numvert,,,,perirhinal_exvivo_numvert,,g_front_inf-opercular_numvert,lateraloccipital_numvert,lingual_numvert,,,,perirhinal_exvivo_numvert,,
,,,g_front_inf-opercular_surfarea,lateraloccipital_surfarea,lingual_surfarea,,,,perirhinal_exvivo_surfarea,,g_front_inf-opercular_surfarea,lateraloccipital_surfarea,lingual_surfarea,,,,perirhinal_exvivo_surfarea,,
,,,g_front_inf-opercular_thickavg,lateraloccipital_thickavg,lingual_thickavg,,,,perirhinal_exvivo_thickavg,,g_front_inf-opercular_thickavg,lateraloccipital_thickavg,lingual_thickavg,,,,perirhinal_exvivo_thickavg,,
,,,g_front_inf-opercular_thickstd,lateraloccipital_thickstd,lingual_thickstd,,,,perirhinal_exvivo_thickstd,,g_front_inf-opercular_thickstd,lateraloccipital_thickstd,lingual_thickstd,,,,perirhinal_exvivo_thickstd,,
,,,g_front_inf-orbital_curvind,lateralorbitofrontal_curvind,medialorbitofrontal_curvind,,,,v1_exvivo_curvind,,g_front_inf-orbital_curvind,lateralorbitofrontal_curvind,medialorbitofrontal_curvind,,,,v1_exvivo_curvind,,
,,,g_front_inf-orbital_foldind,lateralorbitofrontal_foldind,medialorbitofrontal_foldind,,,,v1_exvivo_foldind,,g_front_inf-orbital_foldind,lateralorbitofrontal_foldind,medialorbitofrontal_foldind,,,,v1_exvivo_foldind,,
,,,g_front_inf-orbital_gauscurv,lateralorbitofrontal_gauscurv,medialorbitofrontal_gauscurv,,,,v1_exvivo_gauscurv,,g_front_inf-orbital_gauscurv,lateralorbitofrontal_gauscurv,medialorbitofrontal_gauscurv,,,,v1_exvivo_gauscurv,,
,,,g_front_inf-orbital_grayvol,lateralorbitofrontal_grayvol,medialorbitofrontal_grayvol,,,,v1_exvivo_grayvol,,g_front_inf-orbital_grayvol,lateralorbitofrontal_grayvol,medialorbitofrontal_grayvol,,,,v1_exvivo_grayvol,,
,,,g_front_inf-orbital_meancurv,lateralorbitofrontal_meancurv,medialorbitofrontal_meancurv,,,,v1_exvivo_meancurv,,g_front_inf-orbital_meancurv,lateralorbitofrontal_meancurv,medialorbitofrontal_meancurv,,,,v1_exvivo_meancurv,,
,,,g_front_inf-orbital_numvert,lateralorbitofrontal_numvert,medialorbitofrontal_numvert,,,,v1_exvivo_numvert,,g_front_inf-orbital_numvert,lateralorbitofrontal_numvert,medialorbitofrontal_numvert,,,,v1_exvivo_numvert,,
,,,g_front_inf-orbital_surfarea,lateralorbitofrontal_surfarea,medialorbitofrontal_surfarea,,,,v1_exvivo_surfarea,,g_front_inf-orbital_surfarea,lateralorbitofrontal_surfarea,medialorbitofrontal_surfarea,,,,v1_exvivo_surfarea,,
,,,g_front_inf-orbital_thickavg,lateralorbitofrontal_thickavg,medialorbitofrontal_thickavg,,,,v1_exvivo_thickavg,,g_front_inf-orbital_thickavg,lateralorbitofrontal_thickavg,medialorbitofrontal_thickavg,,,,v1_exvivo_thickavg,,
,,,g_front_inf-orbital_thickstd,lateralorbitofrontal_thickstd,medialorbitofrontal_thickstd,,,,v1_exvivo_thickstd,,g_front_inf-orbital_thickstd,lateralorbitofrontal_thickstd,medialorbitofrontal_thickstd,,,,v1_exvivo_thickstd,,
,,,g_front_inf-triangul_curvind,lingual_curvind,middletemporal_curvind,,,,v2_exvivo_curvind,,g_front_inf-triangul_curvind,lingual_curvind,middletemporal_curvind,,,,v2_exvivo_curvind,,
,,,g_front_inf-triangul_foldind,lingual_foldind,middletemporal_foldind,,,,v2_exvivo_foldind,,g_front_inf-triangul_foldind,lingual_foldind,middletemporal_foldind,,,,v2_exvivo_foldind,,
,,,g_front_inf-triangul_gauscurv,lingual_gauscurv,middletemporal_gauscurv,,,,v2_exvivo_gauscurv,,g_front_inf-triangul_gauscurv,lingual_gauscurv,middletemporal_gauscurv,,,,v2_exvivo_gauscurv,,
,,,g_front_inf-triangul_grayvol,lingual_grayvol,middletemporal_grayvol,,,,v2_exvivo_grayvol,,g_front_inf-triangul_grayvol,lingual_grayvol,middletemporal_grayvol,,,,v2_exvivo_grayvol,,
,,,g_front_inf-triangul_meancurv,lingual_meancurv,middletemporal_meancurv,,,,v2_exvivo_meancurv,,g_front_inf-triangul_meancurv,lingual_meancurv,middletemporal_meancurv,,,,v2_exvivo_meancurv,,
,,,g_front_inf-triangul_numvert,lingual_numvert,middletemporal_numvert,,,,v2_exvivo_numvert,,g_front_inf-triangul_numvert,lingual_numvert,middletemporal_numvert,,,,v2_exvivo_numvert,,
,,,g_front_inf-triangul_surfarea,lingual_surfarea,middletemporal_surfarea,,,,v2_exvivo_surfarea,,g_front_inf-triangul_surfarea,lingual_surfarea,middletemporal_surfarea,,,,v2_exvivo_surfarea,,
,,,g_front_inf-triangul_thickavg,lingual_thickavg,middletemporal_thickavg,,,,v2_exvivo_thickavg,,g_front_inf-triangul_thickavg,lingual_thickavg,middletemporal_thickavg,,,,v2_exvivo_thickavg,,
,,,g_front_inf-triangul_thickstd,lingual_thickstd,middletemporal_thickstd,,,,v2_exvivo_thickstd,,g_front_inf-triangul_thickstd,lingual_thickstd,middletemporal_thickstd,,,,v2_exvivo_thickstd,,
,,,g_front_middle_curvind,medialorbitofrontal_curvind,paracentral_curvind,,,,,,g_front_middle_curvind,medialorbitofrontal_curvind,paracentral_curvind,,,,,,
,,,g_front_middle_foldind,medialorbitofrontal_foldind,paracentral_foldind,,,,,,g_front_middle_foldind,medialorbitofrontal_foldind,paracentral_foldind,,,,,,
,,,g_front_middle_gauscurv,medialorbitofrontal_gauscurv,paracentral_gauscurv,,,,,,g_front_middle_gauscurv,medialorbitofrontal_gauscurv,paracentral_gauscurv,,,,,,
,,,g_front_middle_grayvol,medialorbitofrontal_grayvol,paracentral_grayvol,,,,,,g_front_middle_grayvol,medialorbitofrontal_grayvol,paracentral_grayvol,,,,,,
,,,g_front_middle_meancurv,medialorbitofrontal_meancurv,paracentral_meancurv,,,,,,g_front_middle_meancurv,medialorbitofrontal_meancurv,paracentral_meancurv,,,,,,
,,,g_front_middle_numvert,medialorbitofrontal_numvert,paracentral_numvert,,,,,,g_front_middle_numvert,medialorbitofrontal_numvert,paracentral_numvert,,,,,,
,,,g_front_middle_surfarea,medialorbitofrontal_surfarea,paracentral_surfarea,,,,,,g_front_middle_surfarea,medialorbitofrontal_surfarea,paracentral_surfarea,,,,,,
,,,g_front_middle_thickavg,medialorbitofrontal_thickavg,paracentral_thickavg,,,,,,g_front_middle_thickavg,medialorbitofrontal_thickavg,paracentral_thickavg,,,,,,
,,,g_front_middle_thickstd,medialorbitofrontal_thickstd,paracentral_thickstd,,,,,,g_front_middle_thickstd,medialorbitofrontal_thickstd,paracentral_thickstd,,,,,,
,,,g_front_sup_curvind,middletemporal_curvind,parahippocampal_curvind,,,,,,g_front_sup_curvind,middletemporal_curvind,parahippocampal_curvind,,,,,,
,,,g_front_sup_foldind,middletemporal_foldind,parahippocampal_foldind,,,,,,g_front_sup_foldind,middletemporal_foldind,parahippocampal_foldind,,,,,,
,,,g_front_sup_gauscurv,middletemporal_gauscurv,parahippocampal_gauscurv,,,,,,g_front_sup_gauscurv,middletemporal_gauscurv,parahippocampal_gauscurv,,,,,,
,,,g_front_sup_grayvol,middletemporal_grayvol,parahippocampal_grayvol,,,,,,g_front_sup_grayvol,middletemporal_grayvol,parahippocampal_grayvol,,,,,,
,,,g_front_sup_meancurv,middletemporal_meancurv,parahippocampal_meancurv,,,,,,g_front_sup_meancurv,middletemporal_meancurv,parahippocampal_meancurv,,,,,,
,,,g_front_sup_numvert,middletemporal_numvert,parahippocampal_numvert,,,,,,g_front_sup_numvert,middletemporal_numvert,parahippocampal_numvert,,,,,,
,,,g_front_sup_surfarea,middletemporal_surfarea,parahippocampal_surfarea,,,,,,g_front_sup_surfarea,middletemporal_surfarea,parahippocampal_surfarea,,,,,,
,,,g_front_sup_thickavg,middletemporal_thickavg,parahippocampal_thickavg,,,,,,g_front_sup_thickavg,middletemporal_thickavg,parahippocampal_thickavg,,,,,,
,,,g_front_sup_thickstd,middletemporal_thickstd,parahippocampal_thickstd,,,,,,g_front_sup_thickstd,middletemporal_thickstd,parahippocampal_thickstd,,,,,,
,,,g_ins_lg&s_cent_ins_curvind,paracentral_curvind,parsopercularis_curvind,,,,,,g_ins_lg&s_cent_ins_curvind,paracentral_curvind,parsopercularis_curvind,,,,,,
,,,g_ins_lg&s_cent_ins_foldind,paracentral_foldind,parsopercularis_foldind,,,,,,g_ins_lg&s_cent_ins_foldind,paracentral_foldind,parsopercularis_foldind,,,,,,
,,,g_ins_lg&s_cent_ins_gauscurv,paracentral_gauscurv,parsopercularis_gauscurv,,,,,,g_ins_lg&s_cent_ins_gauscurv,paracentral_gauscurv,parsopercularis_gauscurv,,,,,,
,,,g_ins_lg&s_cent_ins_grayvol,paracentral_grayvol,parsopercularis_grayvol,,,,,,g_ins_lg&s_cent_ins_grayvol,paracentral_grayvol,parsopercularis_grayvol,,,,,,
,,,g_ins_lg&s_cent_ins_meancurv,paracentral_meancurv,parsopercularis_meancurv,,,,,,g_ins_lg&s_cent_ins_meancurv,paracentral_meancurv,parsopercularis_meancurv,,,,,,
,,,g_ins_lg&s_cent_ins_numvert,paracentral_numvert,parsopercularis_numvert,,,,,,g_ins_lg&s_cent_ins_numvert,paracentral_numvert,parsopercularis_numvert,,,,,,
,,,g_ins_lg&s_cent_ins_surfarea,paracentral_surfarea,parsopercularis_surfarea,,,,,,g_ins_lg&s_cent_ins_surfarea,paracentral_surfarea,parsopercularis_surfarea,,,,,,
,,,g_ins_lg&s_cent_ins_thickavg,paracentral_thickavg,parsopercularis_thickavg,,,,,,g_ins_lg&s_cent_ins_thickavg,paracentral_thickavg,parsopercularis_thickavg,,,,,,
,,,g_ins_lg&s_cent_ins_thickstd,paracentral_thickstd,parsopercularis_thickstd,,,,,,g_ins_lg&s_cent_ins_thickstd,paracentral_thickstd,parsopercularis_thickstd,,,,,,
,,,g_insular_short_curvind,parahippocampal_curvind,parsorbitalis_curvind,,,,,,g_insular_short_curvind,parahippocampal_curvind,parsorbitalis_curvind,,,,,,
,,,g_insular_short_foldind,parahippocampal_foldind,parsorbitalis_foldind,,,,,,g_insular_short_foldind,parahippocampal_foldind,parsorbitalis_foldind,,,,,,
,,,g_insular_short_gauscurv,parahippocampal_gauscurv,parsorbitalis_gauscurv,,,,,,g_insular_short_gauscurv,parahippocampal_gauscurv,parsorbitalis_gauscurv,,,,,,
,,,g_insular_short_grayvol,parahippocampal_grayvol,parsorbitalis_grayvol,,,,,,g_insular_short_grayvol,parahippocampal_grayvol,parsorbitalis_grayvol,,,,,,
,,,g_insular_short_meancurv,parahippocampal_meancurv,parsorbitalis_meancurv,,,,,,g_insular_short_meancurv,parahippocampal_meancurv,parsorbitalis_meancurv,,,,,,
,,,g_insular_short_numvert,parahippocampal_numvert,parsorbitalis_numvert,,,,,,g_insular_short_numvert,parahippocampal_numvert,parsorbitalis_numvert,,,,,,
,,,g_insular_short_surfarea,parahippocampal_surfarea,parsorbitalis_surfarea,,,,,,g_insular_short_surfarea,parahippocampal_surfarea,parsorbitalis_surfarea,,,,,,
,,,g_insular_short_thickavg,parahippocampal_thickavg,parsorbitalis_thickavg,,,,,,g_insular_short_thickavg,parahippocampal_thickavg,parsorbitalis_thickavg,,,,,,
,,,g_insular_short_thickstd,parahippocampal_thickstd,parsorbitalis_thickstd,,,,,,g_insular_short_thickstd,parahippocampal_thickstd,parsorbitalis_thickstd,,,,,,
,,,g_oc-temp_lat-fusifor_curvind,parsopercularis_curvind,parstriangularis_curvind,,,,,,g_oc-temp_lat-fusifor_curvind,parsopercularis_curvind,parstriangularis_curvind,,,,,,
,,,g_oc-temp_lat-fusifor_foldind,parsopercularis_foldind,parstriangularis_foldind,,,,,,g_oc-temp_lat-fusifor_foldind,parsopercularis_foldind,parstriangularis_foldind,,,,,,
,,,g_oc-temp_lat-fusifor_gauscurv,parsopercularis_gauscurv,parstriangularis_gauscurv,,,,,,g_oc-temp_lat-fusifor_gauscurv,parsopercularis_gauscurv,parstriangularis_gauscurv,,,,,,
,,,g_oc-temp_lat-fusifor_grayvol,parsopercularis_grayvol,parstriangularis_grayvol,,,,,,g_oc-temp_lat-fusifor_grayvol,parsopercularis_grayvol,parstriangularis_grayvol,,,,,,
,,,g_oc-temp_lat-fusifor_meancurv,parsopercularis_meancurv,parstriangularis_meancurv,,,,,,g_oc-temp_lat-fusifor_meancurv,parsopercularis_meancurv,parstriangularis_meancurv,,,,,,
,,,g_oc-temp_lat-fusifor_numvert,parsopercularis_numvert,parstriangularis_numvert,,,,,,g_oc-temp_lat-fusifor_numvert,parsopercularis_numvert,parstriangularis_numvert,,,,,,
,,,g_oc-temp_lat-fusifor_surfarea,parsopercularis_surfarea,parstriangularis_surfarea,,,,,,g_oc-temp_lat-fusifor_surfarea,parsopercularis_surfarea,parstriangularis_surfarea,,,,,,
,,,g_oc-temp_lat-fusifor_thickavg,parsopercularis_thickavg,parstriangularis_thickavg,,,,,,g_oc-temp_lat-fusifor_thickavg,parsopercularis_thickavg,parstriangularis_thickavg,,,,,,
,,,g_oc-temp_lat-fusifor_thickstd,parsopercularis_thickstd,parstriangularis_thickstd,,,,,,g_oc-temp_lat-fusifor_thickstd,parsopercularis_thickstd,parstriangularis_thickstd,,,,,,
,,,g_oc-temp_med-lingual_curvind,parsorbitalis_curvind,pericalcarine_curvind,,,,,,g_oc-temp_med-lingual_curvind,parsorbitalis_curvind,pericalcarine_curvind,,,,,,
,,,g_oc-temp_med-lingual_foldind,parsorbitalis_foldind,pericalcarine_foldind,,,,,,g_oc-temp_med-lingual_foldind,parsorbitalis_foldind,pericalcarine_foldind,,,,,,
,,,g_oc-temp_med-lingual_gauscurv,parsorbitalis_gauscurv,pericalcarine_gauscurv,,,,,,g_oc-temp_med-lingual_gauscurv,parsorbitalis_gauscurv,pericalcarine_gauscurv,,,,,,
,,,g_oc-temp_med-lingual_grayvol,parsorbitalis_grayvol,pericalcarine_grayvol,,,,,,g_oc-temp_med-lingual_grayvol,parsorbitalis_grayvol,pericalcarine_grayvol,,,,,,
,,,g_oc-temp_med-lingual_meancurv,parsorbitalis_meancurv,pericalcarine_meancurv,,,,,,g_oc-temp_med-lingual_meancurv,parsorbitalis_meancurv,pericalcarine_meancurv,,,,,,
,,,g_oc-temp_med-lingual_numvert,parsorbitalis_numvert,pericalcarine_numvert,,,,,,g_oc-temp_med-lingual_numvert,parsorbitalis_numvert,pericalcarine_numvert,,,,,,
,,,g_oc-temp_med-lingual_surfarea,parsorbitalis_surfarea,pericalcarine_surfarea,,,,,,g_oc-temp_med-lingual_surfarea,parsorbitalis_surfarea,pericalcarine_surfarea,,,,,,
,,,g_oc-temp_med-lingual_thickavg,parsorbitalis_thickavg,pericalcarine_thickavg,,,,,,g_oc-temp_med-lingual_thickavg,parsorbitalis_thickavg,pericalcarine_thickavg,,,,,,
,,,g_oc-temp_med-lingual_thickstd,parsorbitalis_thickstd,pericalcarine_thickstd,,,,,,g_oc-temp_med-lingual_thickstd,parsorbitalis_thickstd,pericalcarine_thickstd,,,,,,
,,,g_oc-temp_med-parahip_curvind,parstriangularis_curvind,postcentral_curvind,,,,,,g_oc-temp_med-parahip_curvind,parstriangularis_curvind,postcentral_curvind,,,,,,
,,,g_oc-temp_med-parahip_foldind,parstriangularis_foldind,postcentral_foldind,,,,,,g_oc-temp_med-parahip_foldind,parstriangularis_foldind,postcentral_foldind,,,,,,
,,,g_oc-temp_med-parahip_gauscurv,parstriangularis_gauscurv,postcentral_gauscurv,,,,,,g_oc-temp_med-parahip_gauscurv,parstriangularis_gauscurv,postcentral_gauscurv,,,,,,
,,,g_oc-temp_med-parahip_grayvol,parstriangularis_grayvol,postcentral_grayvol,,,,,,g_oc-temp_med-parahip_grayvol,parstriangularis_grayvol,postcentral_grayvol,,,,,,
,,,g_oc-temp_med-parahip_meancurv,parstriangularis_meancurv,postcentral_meancurv,,,,,,g_oc-temp_med-parahip_meancurv,parstriangularis_meancurv,postcentral_meancurv,,,,,,
,,,g_oc-temp_med-parahip_numvert,parstriangularis_numvert,postcentral_numvert,,,,,,g_oc-temp_med-parahip_numvert,parstriangularis_numvert,postcentral_numvert,,,,,,
,,,g_oc-temp_med-parahip_surfarea,parstriangularis_surfarea,postcentral_surfarea,,,,,,g_oc-temp_med-parahip_surfarea,parstriangularis_surfarea,postcentral_surfarea,,,,,,
,,,g_oc-temp_med-parahip_thickavg,parstriangularis_thickavg,postcentral_thickavg,,,,,,g_oc-temp_med-parahip_thickavg,parstriangularis_thickavg,postcentral_thickavg,,,,,,
,,,g_oc-temp_med-parahip_thickstd,parstriangularis_thickstd,postcentral_thickstd,,,,,,g_oc-temp_med-parahip_thickstd,parstriangularis_thickstd,postcentral_thickstd,,,,,,
,,,g_occipital_middle_curvind,pericalcarine_curvind,posteriorcingulate_curvind,,,,,,g_occipital_middle_curvind,pericalcarine_curvind,posteriorcingulate_curvind,,,,,,
,,,g_occipital_middle_foldind,pericalcarine_foldind,posteriorcingulate_foldind,,,,,,g_occipital_middle_foldind,pericalcarine_foldind,posteriorcingulate_foldind,,,,,,
,,,g_occipital_middle_gauscurv,pericalcarine_gauscurv,posteriorcingulate_gauscurv,,,,,,g_occipital_middle_gauscurv,pericalcarine_gauscurv,posteriorcingulate_gauscurv,,,,,,
,,,g_occipital_middle_grayvol,pericalcarine_grayvol,posteriorcingulate_grayvol,,,,,,g_occipital_middle_grayvol,pericalcarine_grayvol,posteriorcingulate_grayvol,,,,,,
,,,g_occipital_middle_meancurv,pericalcarine_meancurv,posteriorcingulate_meancurv,,,,,,g_occipital_middle_meancurv,pericalcarine_meancurv,posteriorcingulate_meancurv,,,,,,
,,,g_occipital_middle_numvert,pericalcarine_numvert,posteriorcingulate_numvert,,,,,,g_occipital_middle_numvert,pericalcarine_numvert,posteriorcingulate_numvert,,,,,,
,,,g_occipital_middle_surfarea,pericalcarine_surfarea,posteriorcingulate_surfarea,,,,,,g_occipital_middle_surfarea,pericalcarine_surfarea,posteriorcingulate_surfarea,,,,,,
,,,g_occipital_middle_thickavg,pericalcarine_thickavg,posteriorcingulate_thickavg,,,,,,g_occipital_middle_thickavg,pericalcarine_thickavg,posteriorcingulate_thickavg,,,,,,
,,,g_occipital_middle_thickstd,pericalcarine_thickstd,posteriorcingulate_thickstd,,,,,,g_occipital_middle_thickstd,pericalcarine_thickstd,posteriorcingulate_thickstd,,,,,,
,,,g_occipital_sup_curvind,postcentral_curvind,precentral_curvind,,,,,,g_occipital_sup_curvind,postcentral_curvind,precentral_curvind,,,,,,
,,,g_occipital_sup_foldind,postcentral_foldind,precentral_foldind,,,,,,g_occipital_sup_foldind,postcentral_foldind,precentral_foldind,,,,,,
,,,g_occipital_sup_gauscurv,postcentral_gauscurv,precentral_gauscurv,,,,,,g_occipital_sup_gauscurv,postcentral_gauscurv,precentral_gauscurv,,,,,,
,,,g_occipital_sup_grayvol,postcentral_grayvol,precentral_grayvol,,,,,,g_occipital_sup_grayvol,postcentral_grayvol,precentral_grayvol,,,,,,
,,,g_occipital_sup_meancurv,postcentral_meancurv,precentral_meancurv,,,,,,g_occipital_sup_meancurv,postcentral_meancurv,precentral_meancurv,,,,,,
,,,g_occipital_sup_numvert,postcentral_numvert,precentral_numvert,,,,,,g_occipital_sup_numvert,postcentral_numvert,precentral_numvert,,,,,,
,,,g_occipital_sup_surfarea,postcentral_surfarea,precentral_surfarea,,,,,,g_occipital_sup_surfarea,postcentral_surfarea,precentral_surfarea,,,,,,
,,,g_occipital_sup_thickavg,postcentral_thickavg,precentral_thickavg,,,,,,g_occipital_sup_thickavg,postcentral_thickavg,precentral_thickavg,,,,,,
,,,g_occipital_sup_thickstd,postcentral_thickstd,precentral_thickstd,,,,,,g_occipital_sup_thickstd,postcentral_thickstd,precentral_thickstd,,,,,,
,,,g_orbital_curvind,posteriorcingulate_curvind,precuneus_curvind,,,,,,g_orbital_curvind,posteriorcingulate_curvind,precuneus_curvind,,,,,,
,,,g_orbital_foldind,posteriorcingulate_foldind,precuneus_foldind,,,,,,g_orbital_foldind,posteriorcingulate_foldind,precuneus_foldind,,,,,,
,,,g_orbital_gauscurv,posteriorcingulate_gauscurv,precuneus_gauscurv,,,,,,g_orbital_gauscurv,posteriorcingulate_gauscurv,precuneus_gauscurv,,,,,,
,,,g_orbital_grayvol,posteriorcingulate_grayvol,precuneus_grayvol,,,,,,g_orbital_grayvol,posteriorcingulate_grayvol,precuneus_grayvol,,,,,,
,,,g_orbital_meancurv,posteriorcingulate_meancurv,precuneus_meancurv,,,,,,g_orbital_meancurv,posteriorcingulate_meancurv,precuneus_meancurv,,,,,,
,,,g_orbital_numvert,posteriorcingulate_numvert,precuneus_numvert,,,,,,g_orbital_numvert,posteriorcingulate_numvert,precuneus_numvert,,,,,,
,,,g_orbital_surfarea,posteriorcingulate_surfarea,precuneus_surfarea,,,,,,g_orbital_surfarea,posteriorcingulate_surfarea,precuneus_surfarea,,,,,,
,,,g_orbital_thickavg,posteriorcingulate_thickavg,precuneus_thickavg,,,,,,g_orbital_thickavg,posteriorcingulate_thickavg,precuneus_thickavg,,,,,,
,,,g_orbital_thickstd,posteriorcingulate_thickstd,precuneus_thickstd,,,,,,g_orbital_thickstd,posteriorcingulate_thickstd,precuneus_thickstd,,,,,,
,,,g_pariet_inf-angular_curvind,precentral_curvind,rostralanteriorcingulate_curvind,,,,,,g_pariet_inf-angular_curvind,precentral_curvind,rostralanteriorcingulate_curvind,,,,,,
,,,g_pariet_inf-angular_foldind,precentral_foldind,rostralanteriorcingulate_foldind,,,,,,g_pariet_inf-angular_foldind,precentral_foldind,rostralanteriorcingulate_foldind,,,,,,
,,,g_pariet_inf-angular_gauscurv,precentral_gauscurv,rostralanteriorcingulate_gauscurv,,,,,,g_pariet_inf-angular_gauscurv,precentral_gauscurv,rostralanteriorcingulate_gauscurv,,,,,,
,,,g_pariet_inf-angular_grayvol,precentral_grayvol,rostralanteriorcingulate_grayvol,,,,,,g_pariet_inf-angular_grayvol,precentral_grayvol,rostralanteriorcingulate_grayvol,,,,,,
,,,g_pariet_inf-angular_meancurv,precentral_meancurv,rostralanteriorcingulate_meancurv,,,,,,g_pariet_inf-angular_meancurv,precentral_meancurv,rostralanteriorcingulate_meancurv,,,,,,
,,,g_pariet_inf-angular_numvert,precentral_numvert,rostralanteriorcingulate_numvert,,,,,,g_pariet_inf-angular_numvert,precentral_numvert,rostralanteriorcingulate_numvert,,,,,,
,,,g_pariet_inf-angular_surfarea,precentral_surfarea,rostralanteriorcingulate_surfarea,,,,,,g_pariet_inf-angular_surfarea,precentral_surfarea,rostralanteriorcingulate_surfarea,,,,,,
,,,g_pariet_inf-angular_thickavg,precentral_thickavg,rostralanteriorcingulate_thickavg,,,,,,g_pariet_inf-angular_thickavg,precentral_thickavg,rostralanteriorcingulate_thickavg,,,,,,
,,,g_pariet_inf-angular_thickstd,precentral_thickstd,rostralanteriorcingulate_thickstd,,,,,,g_pariet_inf-angular_thickstd,precentral_thickstd,rostralanteriorcingulate_thickstd,,,,,,
,,,g_pariet_inf-supramar_curvind,precuneus_curvind,rostralmiddlefrontal_curvind,,,,,,g_pariet_inf-supramar_curvind,precuneus_curvind,rostralmiddlefrontal_curvind,,,,,,
,,,g_pariet_inf-supramar_foldind,precuneus_foldind,rostralmiddlefrontal_foldind,,,,,,g_pariet_inf-supramar_foldind,precuneus_foldind,rostralmiddlefrontal_foldind,,,,,,
,,,g_pariet_inf-supramar_gauscurv,precuneus_gauscurv,rostralmiddlefrontal_gauscurv,,,,,,g_pariet_inf-supramar_gauscurv,precuneus_gauscurv,rostralmiddlefrontal_gauscurv,,,,,,
,,,g_pariet_inf-supramar_grayvol,precuneus_grayvol,rostralmiddlefrontal_grayvol,,,,,,g_pariet_inf-supramar_grayvol,precuneus_grayvol,rostralmiddlefrontal_grayvol,,,,,,
,,,g_pariet_inf-supramar_meancurv,precuneus_meancurv,rostralmiddlefrontal_meancurv,,,,,,g_pariet_inf-supramar_meancurv,precuneus_meancurv,rostralmiddlefrontal_meancurv,,,,,,
,,,g_pariet_inf-supramar_numvert,precuneus_numvert,rostralmiddlefrontal_numvert,,,,,,g_pariet_inf-supramar_numvert,precuneus_numvert,rostralmiddlefrontal_numvert,,,,,,
,,,g_pariet_inf-supramar_surfarea,precuneus_surfarea,rostralmiddlefrontal_surfarea,,,,,,g_pariet_inf-supramar_surfarea,precuneus_surfarea,rostralmiddlefrontal_surfarea,,,,,,
,,,g_pariet_inf-supramar_thickavg,precuneus_thickavg,rostralmiddlefrontal_thickavg,,,,,,g_pariet_inf-supramar_thickavg,precuneus_thickavg,rostralmiddlefrontal_thickavg,,,,,,
,,,g_pariet_inf-supramar_thickstd,precuneus_thickstd,rostralmiddlefrontal_thickstd,,,,,,g_pariet_inf-supramar_thickstd,precuneus_thickstd,rostralmiddlefrontal_thickstd,,,,,,
,,,g_parietal_sup_curvind,rostralanteriorcingulate_curvind,superiorfrontal_curvind,,,,,,g_parietal_sup_curvind,rostralanteriorcingulate_curvind,superiorfrontal_curvind,,,,,,
,,,g_parietal_sup_foldind,rostralanteriorcingulate_foldind,superiorfrontal_foldind,,,,,,g_parietal_sup_foldind,rostralanteriorcingulate_foldind,superiorfrontal_foldind,,,,,,
,,,g_parietal_sup_gauscurv,rostralanteriorcingulate_gauscurv,superiorfrontal_gauscurv,,,,,,g_parietal_sup_gauscurv,rostralanteriorcingulate_gauscurv,superiorfrontal_gauscurv,,,,,,
,,,g_parietal_sup_grayvol,rostralanteriorcingulate_grayvol,superiorfrontal_grayvol,,,,,,g_parietal_sup_grayvol,rostralanteriorcingulate_grayvol,superiorfrontal_grayvol,,,,,,
,,,g_parietal_sup_meancurv,rostralanteriorcingulate_meancurv,superiorfrontal_meancurv,,,,,,g_parietal_sup_meancurv,rostralanteriorcingulate_meancurv,superiorfrontal_meancurv,,,,,,
,,,g_parietal_sup_numvert,rostralanteriorcingulate_numvert,superiorfrontal_numvert,,,,,,g_parietal_sup_numvert,rostralanteriorcingulate_numvert,superiorfrontal_numvert,,,,,,
,,,g_parietal_sup_surfarea,rostralanteriorcingulate_surfarea,superiorfrontal_surfarea,,,,,,g_parietal_sup_surfarea,rostralanteriorcingulate_surfarea,superiorfrontal_surfarea,,,,,,
,,,g_parietal_sup_thickavg,rostralanteriorcingulate_thickavg,superiorfrontal_thickavg,,,,,,g_parietal_sup_thickavg,rostralanteriorcingulate_thickavg,superiorfrontal_thickavg,,,,,,
,,,g_parietal_sup_thickstd,rostralanteriorcingulate_thickstd,superiorfrontal_thickstd,,,,,,g_parietal_sup_thickstd,rostralanteriorcingulate_thickstd,superiorfrontal_thickstd,,,,,,
,,,g_postcentral_curvind,rostralmiddlefrontal_curvind,superiorparietal_curvind,,,,,,g_postcentral_curvind,rostralmiddlefrontal_curvind,superiorparietal_curvind,,,,,,
,,,g_postcentral_foldind,rostralmiddlefrontal_foldind,superiorparietal_foldind,,,,,,g_postcentral_foldind,rostralmiddlefrontal_foldind,superiorparietal_foldind,,,,,,
,,,g_postcentral_gauscurv,rostralmiddlefrontal_gauscurv,superiorparietal_gauscurv,,,,,,g_postcentral_gauscurv,rostralmiddlefrontal_gauscurv,superiorparietal_gauscurv,,,,,,
,,,g_postcentral_grayvol,rostralmiddlefrontal_grayvol,superiorparietal_grayvol,,,,,,g_postcentral_grayvol,rostralmiddlefrontal_grayvol,superiorparietal_grayvol,,,,,,
,,,g_postcentral_meancurv,rostralmiddlefrontal_meancurv,superiorparietal_meancurv,,,,,,g_postcentral_meancurv,rostralmiddlefrontal_meancurv,superiorparietal_meancurv,,,,,,
,,,g_postcentral_numvert,rostralmiddlefrontal_numvert,superiorparietal_numvert,,,,,,g_postcentral_numvert,rostralmiddlefrontal_numvert,superiorparietal_numvert,,,,,,
,,,g_postcentral_surfarea,rostralmiddlefrontal_surfarea,superiorparietal_surfarea,,,,,,g_postcentral_surfarea,rostralmiddlefrontal_surfarea,superiorparietal_surfarea,,,,,,
,,,g_postcentral_thickavg,rostralmiddlefrontal_thickavg,superiorparietal_thickavg,,,,,,g_postcentral_thickavg,rostralmiddlefrontal_thickavg,superiorparietal_thickavg,,,,,,
,,,g_postcentral_thickstd,rostralmiddlefrontal_thickstd,superiorparietal_thickstd,,,,,,g_postcentral_thickstd,rostralmiddlefrontal_thickstd,superiorparietal_thickstd,,,,,,
,,,g_precentral_curvind,superiorfrontal_curvind,superiortemporal_curvind,,,,,,g_precentral_curvind,superiorfrontal_curvind,superiortemporal_curvind,,,,,,
,,,g_precentral_foldind,superiorfrontal_foldind,superiortemporal_foldind,,,,,,g_precentral_foldind,superiorfrontal_foldind,superiortemporal_foldind,,,,,,
,,,g_precentral_gauscurv,superiorfrontal_gauscurv,superiortemporal_gauscurv,,,,,,g_precentral_gauscurv,superiorfrontal_gauscurv,superiortemporal_gauscurv,,,,,,
,,,g_precentral_grayvol,superiorfrontal_grayvol,superiortemporal_grayvol,,,,,,g_precentral_grayvol,superiorfrontal_grayvol,superiortemporal_grayvol,,,,,,
,,,g_precentral_meancurv,superiorfrontal_meancurv,superiortemporal_meancurv,,,,,,g_precentral_meancurv,superiorfrontal_meancurv,superiortemporal_meancurv,,,,,,
,,,g_precentral_numvert,superiorfrontal_numvert,superiortemporal_numvert,,,,,,g_precentral_numvert,superiorfrontal_numvert,superiortemporal_numvert,,,,,,
,,,g_precentral_surfarea,superiorfrontal_surfarea,superiortemporal_surfarea,,,,,,g_precentral_surfarea,superiorfrontal_surfarea,superiortemporal_surfarea,,,,,,
,,,g_precentral_thickavg,superiorfrontal_thickavg,superiortemporal_thickavg,,,,,,g_precentral_thickavg,superiorfrontal_thickavg,superiortemporal_thickavg,,,,,,
,,,g_precentral_thickstd,superiorfrontal_thickstd,superiortemporal_thickstd,,,,,,g_precentral_thickstd,superiorfrontal_thickstd,superiortemporal_thickstd,,,,,,
,,,g_precuneus_curvind,superiorparietal_curvind,supramarginal_curvind,,,,,,g_precuneus_curvind,superiorparietal_curvind,supramarginal_curvind,,,,,,
,,,g_precuneus_foldind,superiorparietal_foldind,supramarginal_foldind,,,,,,g_precuneus_foldind,superiorparietal_foldind,supramarginal_foldind,,,,,,
,,,g_precuneus_gauscurv,superiorparietal_gauscurv,supramarginal_gauscurv,,,,,,g_precuneus_gauscurv,superiorparietal_gauscurv,supramarginal_gauscurv,,,,,,
,,,g_precuneus_grayvol,superiorparietal_grayvol,supramarginal_grayvol,,,,,,g_precuneus_grayvol,superiorparietal_grayvol,supramarginal_grayvol,,,,,,
,,,g_precuneus_meancurv,superiorparietal_meancurv,supramarginal_meancurv,,,,,,g_precuneus_meancurv,superiorparietal_meancurv,supramarginal_meancurv,,,,,,
,,,g_precuneus_numvert,superiorparietal_numvert,supramarginal_numvert,,,,,,g_precuneus_numvert,superiorparietal_numvert,supramarginal_numvert,,,,,,
,,,g_precuneus_surfarea,superiorparietal_surfarea,supramarginal_surfarea,,,,,,g_precuneus_surfarea,superiorparietal_surfarea,supramarginal_surfarea,,,,,,
,,,g_precuneus_thickavg,superiorparietal_thickavg,supramarginal_thickavg,,,,,,g_precuneus_thickavg,superiorparietal_thickavg,supramarginal_thickavg,,,,,,
,,,g_precuneus_thickstd,superiorparietal_thickstd,supramarginal_thickstd,,,,,,g_precuneus_thickstd,superiorparietal_thickstd,supramarginal_thickstd,,,,,,
,,,g_rectus_curvind,superiortemporal_curvind,transversetemporal_curvind,,,,,,g_rectus_curvind,superiortemporal_curvind,transversetemporal_curvind,,,,,,
,,,g_rectus_foldind,superiortemporal_foldind,transversetemporal_foldind,,,,,,g_rectus_foldind,superiortemporal_foldind,transversetemporal_foldind,,,,,,
,,,g_rectus_gauscurv,superiortemporal_gauscurv,transversetemporal_gauscurv,,,,,,g_rectus_gauscurv,superiortemporal_gauscurv,transversetemporal_gauscurv,,,,,,
,,,g_rectus_grayvol,superiortemporal_grayvol,transversetemporal_grayvol,,,,,,g_rectus_grayvol,superiortemporal_grayvol,transversetemporal_grayvol,,,,,,
,,,g_rectus_meancurv,superiortemporal_meancurv,transversetemporal_meancurv,,,,,,g_rectus_meancurv,superiortemporal_meancurv,transversetemporal_meancurv,,,,,,
,,,g_rectus_numvert,superiortemporal_numvert,transversetemporal_numvert,,,,,,g_rectus_numvert,superiortemporal_numvert,transversetemporal_numvert,,,,,,
,,,g_rectus_surfarea,superiortemporal_surfarea,transversetemporal_surfarea,,,,,,g_rectus_surfarea,superiortemporal_surfarea,transversetemporal_surfarea,,,,,,
,,,g_rectus_thickavg,superiortemporal_thickavg,transversetemporal_thickavg,,,,,,g_rectus_thickavg,superiortemporal_thickavg,transversetemporal_thickavg,,,,,,
,,,g_rectus_thickstd,superiortemporal_thickstd,transversetemporal_thickstd,,,,,,g_rectus_thickstd,superiortemporal_thickstd,transversetemporal_thickstd,,,,,,
,,,g_subcallosal_curvind,supramarginal_curvind,,,,,,,g_subcallosal_curvind,supramarginal_curvind,,,,,,,
,,,g_subcallosal_foldind,supramarginal_foldind,,,,,,,g_subcallosal_foldind,supramarginal_foldind,,,,,,,
,,,g_subcallosal_gauscurv,supramarginal_gauscurv,,,,,,,g_subcallosal_gauscurv,supramarginal_gauscurv,,,,,,,
,,,g_subcallosal_grayvol,supramarginal_grayvol,,,,,,,g_subcallosal_grayvol,supramarginal_grayvol,,,,,,,
,,,g_subcallosal_meancurv,supramarginal_meancurv,,,,,,,g_subcallosal_meancurv,supramarginal_meancurv,,,,,,,
,,,g_subcallosal_numvert,supramarginal_numvert,,,,,,,g_subcallosal_numvert,supramarginal_numvert,,,,,,,
,,,g_subcallosal_surfarea,supramarginal_surfarea,,,,,,,g_subcallosal_surfarea,supramarginal_surfarea,,,,,,,
,,,g_subcallosal_thickavg,supramarginal_thickavg,,,,,,,g_subcallosal_thickavg,supramarginal_thickavg,,,,,,,
,,,g_subcallosal_thickstd,supramarginal_thickstd,,,,,,,g_subcallosal_thickstd,supramarginal_thickstd,,,,,,,
,,,g_temp_sup-g_t_transv_curvind,temporalpole_curvind,,,,,,,g_temp_sup-g_t_transv_curvind,temporalpole_curvind,,,,,,,
,,,g_temp_sup-g_t_transv_foldind,temporalpole_foldind,,,,,,,g_temp_sup-g_t_transv_foldind,temporalpole_foldind,,,,,,,
,,,g_temp_sup-g_t_transv_gauscurv,temporalpole_gauscurv,,,,,,,g_temp_sup-g_t_transv_gauscurv,temporalpole_gauscurv,,,,,,,
,,,g_temp_sup-g_t_transv_grayvol,temporalpole_grayvol,,,,,,,g_temp_sup-g_t_transv_grayvol,temporalpole_grayvol,,,,,,,
,,,g_temp_sup-g_t_transv_meancurv,temporalpole_meancurv,,,,,,,g_temp_sup-g_t_transv_meancurv,temporalpole_meancurv,,,,,,,
,,,g_temp_sup-g_t_transv_numvert,temporalpole_numvert,,,,,,,g_temp_sup-g_t_transv_numvert,temporalpole_numvert,,,,,,,
,,,g_temp_sup-g_t_transv_surfarea,temporalpole_surfarea,,,,,,,g_temp_sup-g_t_transv_surfarea,temporalpole_surfarea,,,,,,,
,,,g_temp_sup-g_t_transv_thickavg,temporalpole_thickavg,,,,,,,g_temp_sup-g_t_transv_thickavg,temporalpole_thickavg,,,,,,,
,,,g_temp_sup-g_t_transv_thickstd,temporalpole_thickstd,,,,,,,g_temp_sup-g_t_transv_thickstd,temporalpole_thickstd,,,,,,,
,,,g_temp_sup-lateral_curvind,transversetemporal_curvind,,,,,,,g_temp_sup-lateral_curvind,transversetemporal_curvind,,,,,,,
,,,g_temp_sup-lateral_foldind,transversetemporal_foldind,,,,,,,g_temp_sup-lateral_foldind,transversetemporal_foldind,,,,,,,
,,,g_temp_sup-lateral_gauscurv,transversetemporal_gauscurv,,,,,,,g_temp_sup-lateral_gauscurv,transversetemporal_gauscurv,,,,,,,
,,,g_temp_sup-lateral_grayvol,transversetemporal_grayvol,,,,,,,g_temp_sup-lateral_grayvol,transversetemporal_grayvol,,,,,,,
,,,g_temp_sup-lateral_meancurv,transversetemporal_meancurv,,,,,,,g_temp_sup-lateral_meancurv,transversetemporal_meancurv,,,,,,,
,,,g_temp_sup-lateral_numvert,transversetemporal_numvert,,,,,,,g_temp_sup-lateral_numvert,transversetemporal_numvert,,,,,,,
,,,g_temp_sup-lateral_surfarea,transversetemporal_surfarea,,,,,,,g_temp_sup-lateral_surfarea,transversetemporal_surfarea,,,,,,,
,,,g_temp_sup-lateral_thickavg,transversetemporal_thickavg,,,,,,,g_temp_sup-lateral_thickavg,transversetemporal_thickavg,,,,,,,
,,,g_temp_sup-lateral_thickstd,transversetemporal_thickstd,,,,,,,g_temp_sup-lateral_thickstd,transversetemporal_thickstd,,,,,,,
,,,g_temp_sup-plan_polar_curvind,,,,,,,,g_temp_sup-plan_polar_curvind,,,,,,,,
,,,g_temp_sup-plan_polar_foldind,,,,,,,,g_temp_sup-plan_polar_foldind,,,,,,,,
,,,g_temp_sup-plan_polar_gauscurv,,,,,,,,g_temp_sup-plan_polar_gauscurv,,,,,,,,
,,,g_temp_sup-plan_polar_grayvol,,,,,,,,g_temp_sup-plan_polar_grayvol,,,,,,,,
,,,g_temp_sup-plan_polar_meancurv,,,,,,,,g_temp_sup-plan_polar_meancurv,,,,,,,,
,,,g_temp_sup-plan_polar_numvert,,,,,,,,g_temp_sup-plan_polar_numvert,,,,,,,,
,,,g_temp_sup-plan_polar_surfarea,,,,,,,,g_temp_sup-plan_polar_surfarea,,,,,,,,
,,,g_temp_sup-plan_polar_thickavg,,,,,,,,g_temp_sup-plan_polar_thickavg,,,,,,,,
,,,g_temp_sup-plan_polar_thickstd,,,,,,,,g_temp_sup-plan_polar_thickstd,,,,,,,,
,,,g_temp_sup-plan_tempo_curvind,,,,,,,,g_temp_sup-plan_tempo_curvind,,,,,,,,
,,,g_temp_sup-plan_tempo_foldind,,,,,,,,g_temp_sup-plan_tempo_foldind,,,,,,,,
,,,g_temp_sup-plan_tempo_gauscurv,,,,,,,,g_temp_sup-plan_tempo_gauscurv,,,,,,,,
,,,g_temp_sup-plan_tempo_grayvol,,,,,,,,g_temp_sup-plan_tempo_grayvol,,,,,,,,
,,,g_temp_sup-plan_tempo_meancurv,,,,,,,,g_temp_sup-plan_tempo_meancurv,,,,,,,,
,,,g_temp_sup-plan_tempo_numvert,,,,,,,,g_temp_sup-plan_tempo_numvert,,,,,,,,
,,,g_temp_sup-plan_tempo_surfarea,,,,,,,,g_temp_sup-plan_tempo_surfarea,,,,,,,,
,,,g_temp_sup-plan_tempo_thickavg,,,,,,,,g_temp_sup-plan_tempo_thickavg,,,,,,,,
,,,g_temp_sup-plan_tempo_thickstd,,,,,,,,g_temp_sup-plan_tempo_thickstd,,,,,,,,
,,,g_temporal_inf_curvind,,,,,,,,g_temporal_inf_curvind,,,,,,,,
,,,g_temporal_inf_foldind,,,,,,,,g_temporal_inf_foldind,,,,,,,,
,,,g_temporal_inf_gauscurv,,,,,,,,g_temporal_inf_gauscurv,,,,,,,,
,,,g_temporal_inf_grayvol,,,,,,,,g_temporal_inf_grayvol,,,,,,,,
,,,g_temporal_inf_meancurv,,,,,,,,g_temporal_inf_meancurv,,,,,,,,
,,,g_temporal_inf_numvert,,,,,,,,g_temporal_inf_numvert,,,,,,,,
,,,g_temporal_inf_surfarea,,,,,,,,g_temporal_inf_surfarea,,,,,,,,
,,,g_temporal_inf_thickavg,,,,,,,,g_temporal_inf_thickavg,,,,,,,,
,,,g_temporal_inf_thickstd,,,,,,,,g_temporal_inf_thickstd,,,,,,,,
,,,g_temporal_middle_curvind,,,,,,,,g_temporal_middle_curvind,,,,,,,,
,,,g_temporal_middle_foldind,,,,,,,,g_temporal_middle_foldind,,,,,,,,
,,,g_temporal_middle_gauscurv,,,,,,,,g_temporal_middle_gauscurv,,,,,,,,
,,,g_temporal_middle_grayvol,,,,,,,,g_temporal_middle_grayvol,,,,,,,,
,,,g_temporal_middle_meancurv,,,,,,,,g_temporal_middle_meancurv,,,,,,,,
,,,g_temporal_middle_numvert,,,,,,,,g_temporal_middle_numvert,,,,,,,,
,,,g_temporal_middle_surfarea,,,,,,,,g_temporal_middle_surfarea,,,,,,,,
,,,g_temporal_middle_thickavg,,,,,,,,g_temporal_middle_thickavg,,,,,,,,
,,,g_temporal_middle_thickstd,,,,,,,,g_temporal_middle_thickstd,,,,,,,,
,,,lat_fis-ant-horizont_curvind,,,,,,,,lat_fis-ant-horizont_curvind,,,,,,,,
,,,lat_fis-ant-horizont_foldind,,,,,,,,lat_fis-ant-horizont_foldind,,,,,,,,
,,,lat_fis-ant-horizont_gauscurv,,,,,,,,lat_fis-ant-horizont_gauscurv,,,,,,,,
,,,lat_fis-ant-horizont_grayvol,,,,,,,,lat_fis-ant-horizont_grayvol,,,,,,,,
,,,lat_fis-ant-horizont_meancurv,,,,,,,,lat_fis-ant-horizont_meancurv,,,,,,,,
,,,lat_fis-ant-horizont_numvert,,,,,,,,lat_fis-ant-horizont_numvert,,,,,,,,
,,,lat_fis-ant-horizont_surfarea,,,,,,,,lat_fis-ant-horizont_surfarea,,,,,,,,
,,,lat_fis-ant-horizont_thickavg,,,,,,,,lat_fis-ant-horizont_thickavg,,,,,,,,
,,,lat_fis-ant-horizont_thickstd,,,,,,,,lat_fis-ant-horizont_thickstd,,,,,,,,
,,,lat_fis-ant-vertical_curvind,,,,,,,,lat_fis-ant-vertical_curvind,,,,,,,,
,,,lat_fis-ant-vertical_foldind,,,,,,,,lat_fis-ant-vertical_foldind,,,,,,,,
,,,lat_fis-ant-vertical_gauscurv,,,,,,,,lat_fis-ant-vertical_gauscurv,,,,,,,,
,,,lat_fis-ant-vertical_grayvol,,,,,,,,lat_fis-ant-vertical_grayvol,,,,,,,,
,,,lat_fis-ant-vertical_meancurv,,,,,,,,lat_fis-ant-vertical_meancurv,,,,,,,,
,,,lat_fis-ant-vertical_numvert,,,,,,,,lat_fis-ant-vertical_numvert,,,,,,,,
,,,lat_fis-ant-vertical_surfarea,,,,,,,,lat_fis-ant-vertical_surfarea,,,,,,,,
,,,lat_fis-ant-vertical_thickavg,,,,,,,,lat_fis-ant-vertical_thickavg,,,,,,,,
,,,lat_fis-ant-vertical_thickstd,,,,,,,,lat_fis-ant-vertical_thickstd,,,,,,,,
,,,lat_fis-post_curvind,,,,,,,,lat_fis-post_curvind,,,,,,,,
,,,lat_fis-post_foldind,,,,,,,,lat_fis-post_foldind,,,,,,,,
,,,lat_fis-post_gauscurv,,,,,,,,lat_fis-post_gauscurv,,,,,,,,
,,,lat_fis-post_grayvol,,,,,,,,lat_fis-post_grayvol,,,,,,,,
,,,lat_fis-post_meancurv,,,,,,,,lat_fis-post_meancurv,,,,,,,,
,,,lat_fis-post_numvert,,,,,,,,lat_fis-post_numvert,,,,,,,,
,,,lat_fis-post_surfarea,,,,,,,,lat_fis-post_surfarea,,,,,,,,
,,,lat_fis-post_thickavg,,,,,,,,lat_fis-post_thickavg,,,,,,,,
,,,lat_fis-post_thickstd,,,,,,,,lat_fis-post_thickstd,,,,,,,,
,,,pole_occipital_curvind,,,,,,,,pole_occipital_curvind,,,,,,,,
,,,pole_occipital_foldind,,,,,,,,pole_occipital_foldind,,,,,,,,
,,,pole_occipital_gauscurv,,,,,,,,pole_occipital_gauscurv,,,,,,,,
,,,pole_occipital_grayvol,,,,,,,,pole_occipital_grayvol,,,,,,,,
,,,pole_occipital_meancurv,,,,,,,,pole_occipital_meancurv,,,,,,,,
,,,pole_occipital_numvert,,,,,,,,pole_occipital_numvert,,,,,,,,
,,,pole_occipital_surfarea,,,,,,,,pole_occipital_surfarea,,,,,,,,
,,,pole_occipital_thickavg,,,,,,,,pole_occipital_thickavg,,,,,,,,
,,,pole_occipital_thickstd,,,,,,,,pole_occipital_thickstd,,,,,,,,
,,,pole_temporal_curvind,,,,,,,,pole_temporal_curvind,,,,,,,,
,,,pole_temporal_foldind,,,,,,,,pole_temporal_foldind,,,,,,,,
,,,pole_temporal_gauscurv,,,,,,,,pole_temporal_gauscurv,,,,,,,,
,,,pole_temporal_grayvol,,,,,,,,pole_temporal_grayvol,,,,,,,,
,,,pole_temporal_meancurv,,,,,,,,pole_temporal_meancurv,,,,,,,,
,,,pole_temporal_numvert,,,,,,,,pole_temporal_numvert,,,,,,,,
,,,pole_temporal_surfarea,,,,,,,,pole_temporal_surfarea,,,,,,,,
,,,pole_temporal_thickavg,,,,,,,,pole_temporal_thickavg,,,,,,,,
,,,pole_temporal_thickstd,,,,,,,,pole_temporal_thickstd,,,,,,,,
,,,s_calcarine_curvind,,,,,,,,s_calcarine_curvind,,,,,,,,
,,,s_calcarine_foldind,,,,,,,,s_calcarine_foldind,,,,,,,,
,,,s_calcarine_gauscurv,,,,,,,,s_calcarine_gauscurv,,,,,,,,
,,,s_calcarine_grayvol,,,,,,,,s_calcarine_grayvol,,,,,,,,
,,,s_calcarine_meancurv,,,,,,,,s_calcarine_meancurv,,,,,,,,
,,,s_calcarine_numvert,,,,,,,,s_calcarine_numvert,,,,,,,,
,,,s_calcarine_surfarea,,,,,,,,s_calcarine_surfarea,,,,,,,,
,,,s_calcarine_thickavg,,,,,,,,s_calcarine_thickavg,,,,,,,,
,,,s_calcarine_thickstd,,,,,,,,s_calcarine_thickstd,,,,,,,,
,,,s_central_curvind,,,,,,,,s_central_curvind,,,,,,,,
,,,s_central_foldind,,,,,,,,s_central_foldind,,,,,,,,
,,,s_central_gauscurv,,,,,,,,s_central_gauscurv,,,,,,,,
,,,s_central_grayvol,,,,,,,,s_central_grayvol,,,,,,,,
,,,s_central_meancurv,,,,,,,,s_central_meancurv,,,,,,,,
,,,s_central_numvert,,,,,,,,s_central_numvert,,,,,,,,
,,,s_central_surfarea,,,,,,,,s_central_surfarea,,,,,,,,
,,,s_central_thickavg,,,,,,,,s_central_thickavg,,,,,,,,
,,,s_central_thickstd,,,,,,,,s_central_thickstd,,,,,,,,
,,,s_cingul-marginalis_curvind,,,,,,,,s_cingul-marginalis_curvind,,,,,,,,
,,,s_cingul-marginalis_foldind,,,,,,,,s_cingul-marginalis_foldind,,,,,,,,
,,,s_cingul-marginalis_gauscurv,,,,,,,,s_cingul-marginalis_gauscurv,,,,,,,,
,,,s_cingul-marginalis_grayvol,,,,,,,,s_cingul-marginalis_grayvol,,,,,,,,
,,,s_cingul-marginalis_meancurv,,,,,,,,s_cingul-marginalis_meancurv,,,,,,,,
,,,s_cingul-marginalis_numvert,,,,,,,,s_cingul-marginalis_numvert,,,,,,,,
,,,s_cingul-marginalis_surfarea,,,,,,,,s_cingul-marginalis_surfarea,,,,,,,,
,,,s_cingul-marginalis_thickavg,,,,,,,,s_cingul-marginalis_thickavg,,,,,,,,
,,,s_cingul-marginalis_thickstd,,,,,,,,s_cingul-marginalis_thickstd,,,,,,,,
,,,s_circular_insula_ant_curvind,,,,,,,,s_circular_insula_ant_curvind,,,,,,,,
,,,s_circular_insula_ant_foldind,,,,,,,,s_circular_insula_ant_foldind,,,,,,,,
,,,s_circular_insula_ant_gauscurv,,,,,,,,s_circular_insula_ant_gauscurv,,,,,,,,
,,,s_circular_insula_ant_grayvol,,,,,,,,s_circular_insula_ant_grayvol,,,,,,,,
,,,s_circular_insula_ant_meancurv,,,,,,,,s_circular_insula_ant_meancurv,,,,,,,,
,,,s_circular_insula_ant_numvert,,,,,,,,s_circular_insula_ant_numvert,,,,,,,,
,,,s_circular_insula_ant_surfarea,,,,,,,,s_circular_insula_ant_surfarea,,,,,,,,
,,,s_circular_insula_ant_thickavg,,,,,,,,s_circular_insula_ant_thickavg,,,,,,,,
,,,s_circular_insula_ant_thickstd,,,,,,,,s_circular_insula_ant_thickstd,,,,,,,,
,,,s_circular_insula_inf_curvind,,,,,,,,s_circular_insula_inf_curvind,,,,,,,,
,,,s_circular_insula_inf_foldind,,,,,,,,s_circular_insula_inf_foldind,,,,,,,,
,,,s_circular_insula_inf_gauscurv,,,,,,,,s_circular_insula_inf_gauscurv,,,,,,,,
,,,s_circular_insula_inf_grayvol,,,,,,,,s_circular_insula_inf_grayvol,,,,,,,,
,,,s_circular_insula_inf_meancurv,,,,,,,,s_circular_insula_inf_meancurv,,,,,,,,
,,,s_circular_insula_inf_numvert,,,,,,,,s_circular_insula_inf_numvert,,,,,,,,
,,,s_circular_insula_inf_surfarea,,,,,,,,s_circular_insula_inf_surfarea,,,,,,,,
,,,s_circular_insula_inf_thickavg,,,,,,,,s_circular_insula_inf_thickavg,,,,,,,,
,,,s_circular_insula_inf_thickstd,,,,,,,,s_circular_insula_inf_thickstd,,,,,,,,
,,,s_circular_insula_sup_curvind,,,,,,,,s_circular_insula_sup_curvind,,,,,,,,
,,,s_circular_insula_sup_foldind,,,,,,,,s_circular_insula_sup_foldind,,,,,,,,
,,,s_circular_insula_sup_gauscurv,,,,,,,,s_circular_insula_sup_gauscurv,,,,,,,,
,,,s_circular_insula_sup_grayvol,,,,,,,,s_circular_insula_sup_grayvol,,,,,,,,
,,,s_circular_insula_sup_meancurv,,,,,,,,s_circular_insula_sup_meancurv,,,,,,,,
,,,s_circular_insula_sup_numvert,,,,,,,,s_circular_insula_sup_numvert,,,,,,,,
,,,s_circular_insula_sup_surfarea,,,,,,,,s_circular_insula_sup_surfarea,,,,,,,,
,,,s_circular_insula_sup_thickavg,,,,,,,,s_circular_insula_sup_thickavg,,,,,,,,
,,,s_circular_insula_sup_thickstd,,,,,,,,s_circular_insula_sup_thickstd,,,,,,,,
,,,s_collat_transv_ant_curvind,,,,,,,,s_collat_transv_ant_curvind,,,,,,,,
,,,s_collat_transv_ant_foldind,,,,,,,,s_collat_transv_ant_foldind,,,,,,,,
,,,s_collat_transv_ant_gauscurv,,,,,,,,s_collat_transv_ant_gauscurv,,,,,,,,
,,,s_collat_transv_ant_grayvol,,,,,,,,s_collat_transv_ant_grayvol,,,,,,,,
,,,s_collat_transv_ant_meancurv,,,,,,,,s_collat_transv_ant_meancurv,,,,,,,,
,,,s_collat_transv_ant_numvert,,,,,,,,s_collat_transv_ant_numvert,,,,,,,,
,,,s_collat_transv_ant_surfarea,,,,,,,,s_collat_transv_ant_surfarea,,,,,,,,
,,,s_collat_transv_ant_thickavg,,,,,,,,s_collat_transv_ant_thickavg,,,,,,,,
,,,s_collat_transv_ant_thickstd,,,,,,,,s_collat_transv_ant_thickstd,,,,,,,,
,,,s_collat_transv_post_curvind,,,,,,,,s_collat_transv_post_curvind,,,,,,,,
,,,s_collat_transv_post_foldind,,,,,,,,s_collat_transv_post_foldind,,,,,,,,
,,,s_collat_transv_post_gauscurv,,,,,,,,s_collat_transv_post_gauscurv,,,,,,,,
,,,s_collat_transv_post_grayvol,,,,,,,,s_collat_transv_post_grayvol,,,,,,,,
,,,s_collat_transv_post_meancurv,,,,,,,,s_collat_transv_post_meancurv,,,,,,,,
,,,s_collat_transv_post_numvert,,,,,,,,s_collat_transv_post_numvert,,,,,,,,
,,,s_collat_transv_post_surfarea,,,,,,,,s_collat_transv_post_surfarea,,,,,,,,
,,,s_collat_transv_post_thickavg,,,,,,,,s_collat_transv_post_thickavg,,,,,,,,
,,,s_collat_transv_post_thickstd,,,,,,,,s_collat_transv_post_thickstd,,,,,,,,
,,,s_front_inf_curvind,,,,,,,,s_front_inf_curvind,,,,,,,,
,,,s_front_inf_foldind,,,,,,,,s_front_inf_foldind,,,,,,,,
,,,s_front_inf_gauscurv,,,,,,,,s_front_inf_gauscurv,,,,,,,,
,,,s_front_inf_grayvol,,,,,,,,s_front_inf_grayvol,,,,,,,,
,,,s_front_inf_meancurv,,,,,,,,s_front_inf_meancurv,,,,,,,,
,,,s_front_inf_numvert,,,,,,,,s_front_inf_numvert,,,,,,,,
,,,s_front_inf_surfarea,,,,,,,,s_front_inf_surfarea,,,,,,,,
,,,s_front_inf_thickavg,,,,,,,,s_front_inf_thickavg,,,,,,,,
,,,s_front_inf_thickstd,,,,,,,,s_front_inf_thickstd,,,,,,,,
,,,s_front_middle_curvind,,,,,,,,s_front_middle_curvind,,,,,,,,
,,,s_front_middle_foldind,,,,,,,,s_front_middle_foldind,,,,,,,,
,,,s_front_middle_gauscurv,,,,,,,,s_front_middle_gauscurv,,,,,,,,
,,,s_front_middle_grayvol,,,,,,,,s_front_middle_grayvol,,,,,,,,
,,,s_front_middle_meancurv,,,,,,,,s_front_middle_meancurv,,,,,,,,
,,,s_front_middle_numvert,,,,,,,,s_front_middle_numvert,,,,,,,,
,,,s_front_middle_surfarea,,,,,,,,s_front_middle_surfarea,,,,,,,,
,,,s_front_middle_thickavg,,,,,,,,s_front_middle_thickavg,,,,,,,,
,,,s_front_middle_thickstd,,,,,,,,s_front_middle_thickstd,,,,,,,,
,,,s_front_sup_curvind,,,,,,,,s_front_sup_curvind,,,,,,,,
,,,s_front_sup_foldind,,,,,,,,s_front_sup_foldind,,,,,,,,
,,,s_front_sup_gauscurv,,,,,,,,s_front_sup_gauscurv,,,,,,,,
,,,s_front_sup_grayvol,,,,,,,,s_front_sup_grayvol,,,,,,,,
,,,s_front_sup_meancurv,,,,,,,,s_front_sup_meancurv,,,,,,,,
,,,s_front_sup_numvert,,,,,,,,s_front_sup_numvert,,,,,,,,
,,,s_front_sup_surfarea,,,,,,,,s_front_sup_surfarea,,,,,,,,
,,,s_front_sup_thickavg,,,,,,,,s_front_sup_thickavg,,,,,,,,
,,,s_front_sup_thickstd,,,,,,,,s_front_sup_thickstd,,,,,,,,
,,,s_interm_prim-jensen_curvind,,,,,,,,s_interm_prim-jensen_curvind,,,,,,,,
,,,s_interm_prim-jensen_foldind,,,,,,,,s_interm_prim-jensen_foldind,,,,,,,,
,,,s_interm_prim-jensen_gauscurv,,,,,,,,s_interm_prim-jensen_gauscurv,,,,,,,,
,,,s_interm_prim-jensen_grayvol,,,,,,,,s_interm_prim-jensen_grayvol,,,,,,,,
,,,s_interm_prim-jensen_meancurv,,,,,,,,s_interm_prim-jensen_meancurv,,,,,,,,
,,,s_interm_prim-jensen_numvert,,,,,,,,s_interm_prim-jensen_numvert,,,,,,,,
,,,s_interm_prim-jensen_surfarea,,,,,,,,s_interm_prim-jensen_surfarea,,,,,,,,
,,,s_interm_prim-jensen_thickavg,,,,,,,,s_interm_prim-jensen_thickavg,,,,,,,,
,,,s_interm_prim-jensen_thickstd,,,,,,,,s_interm_prim-jensen_thickstd,,,,,,,,
,,,s_intrapariet&p_trans_curvind,,,,,,,,s_intrapariet&p_trans_curvind,,,,,,,,
,,,s_intrapariet&p_trans_foldind,,,,,,,,s_intrapariet&p_trans_foldind,,,,,,,,
,,,s_intrapariet&p_trans_gauscurv,,,,,,,,s_intrapariet&p_trans_gauscurv,,,,,,,,
,,,s_intrapariet&p_trans_grayvol,,,,,,,,s_intrapariet&p_trans_grayvol,,,,,,,,
,,,s_intrapariet&p_trans_meancurv,,,,,,,,s_intrapariet&p_trans_meancurv,,,,,,,,
,,,s_intrapariet&p_trans_numvert,,,,,,,,s_intrapariet&p_trans_numvert,,,,,,,,
,,,s_intrapariet&p_trans_surfarea,,,,,,,,s_intrapariet&p_trans_surfarea,,,,,,,,
,,,s_intrapariet&p_trans_thickavg,,,,,,,,s_intrapariet&p_trans_thickavg,,,,,,,,
,,,s_intrapariet&p_trans_thickstd,,,,,,,,s_intrapariet&p_trans_thickstd,,,,,,,,
,,,s_oc-temp_lat_curvind,,,,,,,,s_oc-temp_lat_curvind,,,,,,,,
,,,s_oc-temp_lat_foldind,,,,,,,,s_oc-temp_lat_foldind,,,,,,,,
,,,s_oc-temp_lat_gauscurv,,,,,,,,s_oc-temp_lat_gauscurv,,,,,,,,
,,,s_oc-temp_lat_grayvol,,,,,,,,s_oc-temp_lat_grayvol,,,,,,,,
,,,s_oc-temp_lat_meancurv,,,,,,,,s_oc-temp_lat_meancurv,,,,,,,,
,,,s_oc-temp_lat_numvert,,,,,,,,s_oc-temp_lat_numvert,,,,,,,,
,,,s_oc-temp_lat_surfarea,,,,,,,,s_oc-temp_lat_surfarea,,,,,,,,
,,,s_oc-temp_lat_thickavg,,,,,,,,s_oc-temp_lat_thickavg,,,,,,,,
,,,s_oc-temp_lat_thickstd,,,,,,,,s_oc-temp_lat_thickstd,,,,,,,,
,,,s_oc-temp_med&lingual_curvind,,,,,,,,s_oc-temp_med&lingual_curvind,,,,,,,,
,,,s_oc-temp_med&lingual_foldind,,,,,,,,s_oc-temp_med&lingual_foldind,,,,,,,,
,,,s_oc-temp_med&lingual_gauscurv,,,,,,,,s_oc-temp_med&lingual_gauscurv,,,,,,,,
,,,s_oc-temp_med&lingual_grayvol,,,,,,,,s_oc-temp_med&lingual_grayvol,,,,,,,,
,,,s_oc-temp_med&lingual_meancurv,,,,,,,,s_oc-temp_med&lingual_meancurv,,,,,,,,
,,,s_oc-temp_med&lingual_numvert,,,,,,,,s_oc-temp_med&lingual_numvert,,,,,,,,
,,,s_oc-temp_med&lingual_surfarea,,,,,,,,s_oc-temp_med&lingual_surfarea,,,,,,,,
,,,s_oc-temp_med&lingual_thickavg,,,,,,,,s_oc-temp_med&lingual_thickavg,,,,,,,,
,,,s_oc-temp_med&lingual_thickstd,,,,,,,,s_oc-temp_med&lingual_thickstd,,,,,,,,
,,,s_oc_middle&lunatus_curvind,,,,,,,,s_oc_middle&lunatus_curvind,,,,,,,,
,,,s_oc_middle&lunatus_foldind,,,,,,,,s_oc_middle&lunatus_foldind,,,,,,,,
,,,s_oc_middle&lunatus_gauscurv,,,,,,,,s_oc_middle&lunatus_gauscurv,,,,,,,,
,,,s_oc_middle&lunatus_grayvol,,,,,,,,s_oc_middle&lunatus_grayvol,,,,,,,,
,,,s_oc_middle&lunatus_meancurv,,,,,,,,s_oc_middle&lunatus_meancurv,,,,,,,,
,,,s_oc_middle&lunatus_numvert,,,,,,,,s_oc_middle&lunatus_numvert,,,,,,,,
,,,s_oc_middle&lunatus_surfarea,,,,,,,,s_oc_middle&lunatus_surfarea,,,,,,,,
,,,s_oc_middle&lunatus_thickavg,,,,,,,,s_oc_middle&lunatus_thickavg,,,,,,,,
,,,s_oc_middle&lunatus_thickstd,,,,,,,,s_oc_middle&lunatus_thickstd,,,,,,,,
,,,s_oc_sup&transversal_curvind,,,,,,,,s_oc_sup&transversal_curvind,,,,,,,,
,,,s_oc_sup&transversal_foldind,,,,,,,,s_oc_sup&transversal_foldind,,,,,,,,
,,,s_oc_sup&transversal_gauscurv,,,,,,,,s_oc_sup&transversal_gauscurv,,,,,,,,
,,,s_oc_sup&transversal_grayvol,,,,,,,,s_oc_sup&transversal_grayvol,,,,,,,,
,,,s_oc_sup&transversal_meancurv,,,,,,,,s_oc_sup&transversal_meancurv,,,,,,,,
,,,s_oc_sup&transversal_numvert,,,,,,,,s_oc_sup&transversal_numvert,,,,,,,,
,,,s_oc_sup&transversal_surfarea,,,,,,,,s_oc_sup&transversal_surfarea,,,,,,,,
,,,s_oc_sup&transversal_thickavg,,,,,,,,s_oc_sup&transversal_thickavg,,,,,,,,
,,,s_oc_sup&transversal_thickstd,,,,,,,,s_oc_sup&transversal_thickstd,,,,,,,,
,,,s_occipital_ant_curvind,,,,,,,,s_occipital_ant_curvind,,,,,,,,
,,,s_occipital_ant_foldind,,,,,,,,s_occipital_ant_foldind,,,,,,,,
,,,s_occipital_ant_gauscurv,,,,,,,,s_occipital_ant_gauscurv,,,,,,,,
,,,s_occipital_ant_grayvol,,,,,,,,s_occipital_ant_grayvol,,,,,,,,
,,,s_occipital_ant_meancurv,,,,,,,,s_occipital_ant_meancurv,,,,,,,,
,,,s_occipital_ant_numvert,,,,,,,,s_occipital_ant_numvert,,,,,,,,
,,,s_occipital_ant_surfarea,,,,,,,,s_occipital_ant_surfarea,,,,,,,,
,,,s_occipital_ant_thickavg,,,,,,,,s_occipital_ant_thickavg,,,,,,,,
,,,s_occipital_ant_thickstd,,,,,,,,s_occipital_ant_thickstd,,,,,,,,
,,,s_orbital-h_shaped_curvind,,,,,,,,s_orbital-h_shaped_curvind,,,,,,,,
,,,s_orbital-h_shaped_foldind,,,,,,,,s_orbital-h_shaped_foldind,,,,,,,,
,,,s_orbital-h_shaped_gauscurv,,,,,,,,s_orbital-h_shaped_gauscurv,,,,,,,,
,,,s_orbital-h_shaped_grayvol,,,,,,,,s_orbital-h_shaped_grayvol,,,,,,,,
,,,s_orbital-h_shaped_meancurv,,,,,,,,s_orbital-h_shaped_meancurv,,,,,,,,
,,,s_orbital-h_shaped_numvert,,,,,,,,s_orbital-h_shaped_numvert,,,,,,,,
,,,s_orbital-h_shaped_surfarea,,,,,,,,s_orbital-h_shaped_surfarea,,,,,,,,
,,,s_orbital-h_shaped_thickavg,,,,,,,,s_orbital-h_shaped_thickavg,,,,,,,,
,,,s_orbital-h_shaped_thickstd,,,,,,,,s_orbital-h_shaped_thickstd,,,,,,,,
,,,s_orbital_lateral_curvind,,,,,,,,s_orbital_lateral_curvind,,,,,,,,
,,,s_orbital_lateral_foldind,,,,,,,,s_orbital_lateral_foldind,,,,,,,,
,,,s_orbital_lateral_gauscurv,,,,,,,,s_orbital_lateral_gauscurv,,,,,,,,
,,,s_orbital_lateral_grayvol,,,,,,,,s_orbital_lateral_grayvol,,,,,,,,
,,,s_orbital_lateral_meancurv,,,,,,,,s_orbital_lateral_meancurv,,,,,,,,
,,,s_orbital_lateral_numvert,,,,,,,,s_orbital_lateral_numvert,,,,,,,,
,,,s_orbital_lateral_surfarea,,,,,,,,s_orbital_lateral_surfarea,,,,,,,,
,,,s_orbital_lateral_thickavg,,,,,,,,s_orbital_lateral_thickavg,,,,,,,,
,,,s_orbital_lateral_thickstd,,,,,,,,s_orbital_lateral_thickstd,,,,,,,,
,,,s_orbital_med-olfact_curvind,,,,,,,,s_orbital_med-olfact_curvind,,,,,,,,
,,,s_orbital_med-olfact_foldind,,,,,,,,s_orbital_med-olfact_foldind,,,,,,,,
,,,s_orbital_med-olfact_gauscurv,,,,,,,,s_orbital_med-olfact_gauscurv,,,,,,,,
,,,s_orbital_med-olfact_grayvol,,,,,,,,s_orbital_med-olfact_grayvol,,,,,,,,
,,,s_orbital_med-olfact_meancurv,,,,,,,,s_orbital_med-olfact_meancurv,,,,,,,,
,,,s_orbital_med-olfact_numvert,,,,,,,,s_orbital_med-olfact_numvert,,,,,,,,
,,,s_orbital_med-olfact_surfarea,,,,,,,,s_orbital_med-olfact_surfarea,,,,,,,,
,,,s_orbital_med-olfact_thickavg,,,,,,,,s_orbital_med-olfact_thickavg,,,,,,,,
,,,s_orbital_med-olfact_thickstd,,,,,,,,s_orbital_med-olfact_thickstd,,,,,,,,
,,,s_parieto_occipital_curvind,,,,,,,,s_parieto_occipital_curvind,,,,,,,,
,,,s_parieto_occipital_foldind,,,,,,,,s_parieto_occipital_foldind,,,,,,,,
,,,s_parieto_occipital_gauscurv,,,,,,,,s_parieto_occipital_gauscurv,,,,,,,,
,,,s_parieto_occipital_grayvol,,,,,,,,s_parieto_occipital_grayvol,,,,,,,,
,,,s_parieto_occipital_meancurv,,,,,,,,s_parieto_occipital_meancurv,,,,,,,,
,,,s_parieto_occipital_numvert,,,,,,,,s_parieto_occipital_numvert,,,,,,,,
,,,s_parieto_occipital_surfarea,,,,,,,,s_parieto_occipital_surfarea,,,,,,,,
,,,s_parieto_occipital_thickavg,,,,,,,,s_parieto_occipital_thickavg,,,,,,,,
,,,s_parieto_occipital_thickstd,,,,,,,,s_parieto_occipital_thickstd,,,,,,,,
,,,s_pericallosal_curvind,,,,,,,,s_pericallosal_curvind,,,,,,,,
,,,s_pericallosal_foldind,,,,,,,,s_pericallosal_foldind,,,,,,,,
,,,s_pericallosal_gauscurv,,,,,,,,s_pericallosal_gauscurv,,,,,,,,
,,,s_pericallosal_grayvol,,,,,,,,s_pericallosal_grayvol,,,,,,,,
,,,s_pericallosal_meancurv,,,,,,,,s_pericallosal_meancurv,,,,,,,,
,,,s_pericallosal_numvert,,,,,,,,s_pericallosal_numvert,,,,,,,,
,,,s_pericallosal_surfarea,,,,,,,,s_pericallosal_surfarea,,,,,,,,
,,,s_pericallosal_thickavg,,,,,,,,s_pericallosal_thickavg,,,,,,,,
,,,s_pericallosal_thickstd,,,,,,,,s_pericallosal_thickstd,,,,,,,,
,,,s_postcentral_curvind,,,,,,,,s_postcentral_curvind,,,,,,,,
,,,s_postcentral_foldind,,,,,,,,s_postcentral_foldind,,,,,,,,
,,,s_postcentral_gauscurv,,,,,,,,s_postcentral_gauscurv,,,,,,,,
,,,s_postcentral_grayvol,,,,,,,,s_postcentral_grayvol,,,,,,,,
,,,s_postcentral_meancurv,,,,,,,,s_postcentral_meancurv,,,,,,,,
,,,s_postcentral_numvert,,,,,,,,s_postcentral_numvert,,,,,,,,
,,,s_postcentral_surfarea,,,,,,,,s_postcentral_surfarea,,,,,,,,
,,,s_postcentral_thickavg,,,,,,,,s_postcentral_thickavg,,,,,,,,
,,,s_postcentral_thickstd,,,,,,,,s_postcentral_thickstd,,,,,,,,
,,,s_precentral-inf-part_curvind,,,,,,,,s_precentral-inf-part_curvind,,,,,,,,
,,,s_precentral-inf-part_foldind,,,,,,,,s_precentral-inf-part_foldind,,,,,,,,
,,,s_precentral-inf-part_gauscurv,,,,,,,,s_precentral-inf-part_gauscurv,,,,,,,,
,,,s_precentral-inf-part_grayvol,,,,,,,,s_precentral-inf-part_grayvol,,,,,,,,
,,,s_precentral-inf-part_meancurv,,,,,,,,s_precentral-inf-part_meancurv,,,,,,,,
,,,s_precentral-inf-part_numvert,,,,,,,,s_precentral-inf-part_numvert,,,,,,,,
,,,s_precentral-inf-part_surfarea,,,,,,,,s_precentral-inf-part_surfarea,,,,,,,,
,,,s_precentral-inf-part_thickavg,,,,,,,,s_precentral-inf-part_thickavg,,,,,,,,
,,,s_precentral-inf-part_thickstd,,,,,,,,s_precentral-inf-part_thickstd,,,,,,,,
,,,s_precentral-sup-part_curvind,,,,,,,,s_precentral-sup-part_curvind,,,,,,,,
,,,s_precentral-sup-part_foldind,,,,,,,,s_precentral-sup-part_foldind,,,,,,,,
,,,s_precentral-sup-part_gauscurv,,,,,,,,s_precentral-sup-part_gauscurv,,,,,,,,
,,,s_precentral-sup-part_grayvol,,,,,,,,s_precentral-sup-part_grayvol,,,,,,,,
,,,s_precentral-sup-part_meancurv,,,,,,,,s_precentral-sup-part_meancurv,,,,,,,,
,,,s_precentral-sup-part_numvert,,,,,,,,s_precentral-sup-part_numvert,,,,,,,,
,,,s_precentral-sup-part_surfarea,,,,,,,,s_precentral-sup-part_surfarea,,,,,,,,
,,,s_precentral-sup-part_thickavg,,,,,,,,s_precentral-sup-part_thickavg,,,,,,,,
,,,s_precentral-sup-part_thickstd,,,,,,,,s_precentral-sup-part_thickstd,,,,,,,,
,,,s_suborbital_curvind,,,,,,,,s_suborbital_curvind,,,,,,,,
,,,s_suborbital_foldind,,,,,,,,s_suborbital_foldind,,,,,,,,
,,,s_suborbital_gauscurv,,,,,,,,s_suborbital_gauscurv,,,,,,,,
,,,s_suborbital_grayvol,,,,,,,,s_suborbital_grayvol,,,,,,,,
,,,s_suborbital_meancurv,,,,,,,,s_suborbital_meancurv,,,,,,,,
,,,s_suborbital_numvert,,,,,,,,s_suborbital_numvert,,,,,,,,
,,,s_suborbital_surfarea,,,,,,,,s_suborbital_surfarea,,,,,,,,
,,,s_suborbital_thickavg,,,,,,,,s_suborbital_thickavg,,,,,,,,
,,,s_suborbital_thickstd,,,,,,,,s_suborbital_thickstd,,,,,,,,
,,,s_subparietal_curvind,,,,,,,,s_subparietal_curvind,,,,,,,,
,,,s_subparietal_foldind,,,,,,,,s_subparietal_foldind,,,,,,,,
,,,s_subparietal_gauscurv,,,,,,,,s_subparietal_gauscurv,,,,,,,,
,,,s_subparietal_grayvol,,,,,,,,s_subparietal_grayvol,,,,,,,,
,,,s_subparietal_meancurv,,,,,,,,s_subparietal_meancurv,,,,,,,,
,,,s_subparietal_numvert,,,,,,,,s_subparietal_numvert,,,,,,,,
,,,s_subparietal_surfarea,,,,,,,,s_subparietal_surfarea,,,,,,,,
,,,s_subparietal_thickavg,,,,,,,,s_subparietal_thickavg,,,,,,,,
,,,s_subparietal_thickstd,,,,,,,,s_subparietal_thickstd,,,,,,,,
,,,s_temporal_inf_curvind,,,,,,,,s_temporal_inf_curvind,,,,,,,,
,,,s_temporal_inf_foldind,,,,,,,,s_temporal_inf_foldind,,,,,,,,
,,,s_temporal_inf_gauscurv,,,,,,,,s_temporal_inf_gauscurv,,,,,,,,
,,,s_temporal_inf_grayvol,,,,,,,,s_temporal_inf_grayvol,,,,,,,,
,,,s_temporal_inf_meancurv,,,,,,,,s_temporal_inf_meancurv,,,,,,,,
,,,s_temporal_inf_numvert,,,,,,,,s_temporal_inf_numvert,,,,,,,,
,,,s_temporal_inf_surfarea,,,,,,,,s_temporal_inf_surfarea,,,,,,,,
,,,s_temporal_inf_thickavg,,,,,,,,s_temporal_inf_thickavg,,,,,,,,
,,,s_temporal_inf_thickstd,,,,,,,,s_temporal_inf_thickstd,,,,,,,,
,,,s_temporal_sup_curvind,,,,,,,,s_temporal_sup_curvind,,,,,,,,
,,,s_temporal_sup_foldind,,,,,,,,s_temporal_sup_foldind,,,,,,,,
,,,s_temporal_sup_gauscurv,,,,,,,,s_temporal_sup_gauscurv,,,,,,,,
,,,s_temporal_sup_grayvol,,,,,,,,s_temporal_sup_grayvol,,,,,,,,
,,,s_temporal_sup_meancurv,,,,,,,,s_temporal_sup_meancurv,,,,,,,,
,,,s_temporal_sup_numvert,,,,,,,,s_temporal_sup_numvert,,,,,,,,
,,,s_temporal_sup_surfarea,,,,,,,,s_temporal_sup_surfarea,,,,,,,,
,,,s_temporal_sup_thickavg,,,,,,,,s_temporal_sup_thickavg,,,,,,,,
,,,s_temporal_sup_thickstd,,,,,,,,s_temporal_sup_thickstd,,,,,,,,
,,,s_temporal_transverse_curvind,,,,,,,,s_temporal_transverse_curvind,,,,,,,,
,,,s_temporal_transverse_foldind,,,,,,,,s_temporal_transverse_foldind,,,,,,,,
,,,s_temporal_transverse_gauscurv,,,,,,,,s_temporal_transverse_gauscurv,,,,,,,,
,,,s_temporal_transverse_grayvol,,,,,,,,s_temporal_transverse_grayvol,,,,,,,,
,,,s_temporal_transverse_meancurv,,,,,,,,s_temporal_transverse_meancurv,,,,,,,,
,,,s_temporal_transverse_numvert,,,,,,,,s_temporal_transverse_numvert,,,,,,,,
,,,s_temporal_transverse_surfarea,,,,,,,,s_temporal_transverse_surfarea,,,,,,,,
,,,s_temporal_transverse_thickavg,,,,,,,,s_temporal_transverse_thickavg,,,,,,,,
,,,s_temporal_transverse_thickstd,,,,,,,,s_temporal_transverse_thickstd,,,,,,,,
